"SOURCE","Source","BRANCH","Branch","TYPEXP","Type of Expenditure","TYPROG","Type of Programme","UNIT","Measure","COUNTRY","Country","YEAR","Year","Unit Code","Unit","PowerCode Code","PowerCode","Reference Period Code","Reference Period","Value","Flag Codes","Flags"
"50","Net Total","90","Total","0","Total","0","Total","PCT_GDP","In percentage of Gross Domestic Product","AUS","Australia","1995","1995","PC","Percentage","0","Units",,,19.037,,
"50","Net Total","90","Total","0","Total","0","Total","PCT_GDP","In percentage of Gross Domestic Product","AUS","Australia","1997","1997","PC","Percentage","0","Units",,,19.494,,
"50","Net Total","90","Total","0","Total","0","Total","PCT_GDP","In percentage of Gross Domestic Product","AUS","Australia","1999","1999","PC","Percentage","0","Units",,,20.215,,
"50","Net Total","90","Total","0","Total","0","Total","PCT_GDP","In percentage of Gross Domestic Product","AUS","Australia","2001","2001","PC","Percentage","0","Units",,,20.447,,
"50","Net Total","90","Total","0","Total","0","Total","PCT_GDP","In percentage of Gross Domestic Product","AUS","Australia","2003","2003","PC","Percentage","0","Units",,,19.892,,
"50","Net Total","90","Total","0","Total","0","Total","PCT_GDP","In percentage of Gross Domestic Product","AUS","Australia","2005","2005","PC","Percentage","0","Units",,,18.7,,
"50","Net Total","90","Total","0","Total","0","Total","PCT_GDP","In percentage of Gross Domestic Product","AUS","Australia","2007","2007","PC","Percentage","0","Units",,,20.118,,
"50","Net Total","90","Total","0","Total","0","Total","PCT_GDP","In percentage of Gross Domestic Product","AUS","Australia","2009","2009","PC","Percentage","0","Units",,,20.373,,
"50","Net Total","90","Total","0","Total","0","Total","PCT_GDP","In percentage of Gross Domestic Product","AUS","Australia","2011","2011","PC","Percentage","0","Units",,,20.873,,
"50","Net Total","90","Total","0","Total","0","Total","PCT_GDP","In percentage of Gross Domestic Product","AUS","Australia","2013","2013","PC","Percentage","0","Units",,,21.851,,
"50","Net Total","90","Total","0","Total","0","Total","PCT_GDP","In percentage of Gross Domestic Product","AUS","Australia","2015","2015","PC","Percentage","0","Units",,,23.574,,
"50","Net Total","90","Total","0","Total","0","Total","PCT_GDP","In percentage of Gross Domestic Product","AUS","Australia","2017","2017","PC","Percentage","0","Units",,,22.376,,
"50","Net Total","90","Total","0","Total","0","Total","PCT_GDP","In percentage of Gross Domestic Product","AUS","Australia","2019","2019","PC","Percentage","0","Units",,,24.89,,
"50","Net Total","90","Total","0","Total","0","Total","PCT_GDP","In percentage of Gross Domestic Product","SWE","Sweden","1995","1995","PC","Percentage","0","Units",,,24.913,,
"50","Net Total","90","Total","0","Total","0","Total","PCT_GDP","In percentage of Gross Domestic Product","SWE","Sweden","1997","1997","PC","Percentage","0","Units",,,23.767,,
"50","Net Total","90","Total","0","Total","0","Total","PCT_GDP","In percentage of Gross Domestic Product","SWE","Sweden","1999","1999","PC","Percentage","0","Units",,,23.219,,
"50","Net Total","90","Total","0","Total","0","Total","PCT_GDP","In percentage of Gross Domestic Product","SWE","Sweden","2001","2001","PC","Percentage","0","Units",,,22.705,,
"50","Net Total","90","Total","0","Total","0","Total","PCT_GDP","In percentage of Gross Domestic Product","SWE","Sweden","2003","2003","PC","Percentage","0","Units",,,23.599,,
"50","Net Total","90","Total","0","Total","0","Total","PCT_GDP","In percentage of Gross Domestic Product","SWE","Sweden","2005","2005","PC","Percentage","0","Units",,,22.998,,
"50","Net Total","90","Total","0","Total","0","Total","PCT_GDP","In percentage of Gross Domestic Product","SWE","Sweden","2007","2007","PC","Percentage","0","Units",,,21.94,,
"50","Net Total","90","Total","0","Total","0","Total","PCT_GDP","In percentage of Gross Domestic Product","SWE","Sweden","2009","2009","PC","Percentage","0","Units",,,24.142,,
"50","Net Total","90","Total","0","Total","0","Total","PCT_GDP","In percentage of Gross Domestic Product","SWE","Sweden","2011","2011","PC","Percentage","0","Units",,,23.245,,
"50","Net Total","90","Total","0","Total","0","Total","PCT_GDP","In percentage of Gross Domestic Product","SWE","Sweden","2013","2013","PC","Percentage","0","Units",,,24.857,,
"50","Net Total","90","Total","0","Total","0","Total","PCT_GDP","In percentage of Gross Domestic Product","SWE","Sweden","2015","2015","PC","Percentage","0","Units",,,24.338,,
"50","Net Total","90","Total","0","Total","0","Total","PCT_GDP","In percentage of Gross Domestic Product","SWE","Sweden","2017","2017","PC","Percentage","0","Units",,,24.013,,
"50","Net Total","90","Total","0","Total","0","Total","PCT_GDP","In percentage of Gross Domestic Product","SWE","Sweden","2019","2019","PC","Percentage","0","Units",,,23.357,,
"50","Net Total","90","Total","0","Total","0","Total","PCT_GDP","In percentage of Gross Domestic Product","AUT","Austria","1995","1995","PC","Percentage","0","Units",,,23.272,,
"50","Net Total","90","Total","0","Total","0","Total","PCT_GDP","In percentage of Gross Domestic Product","AUT","Austria","1997","1997","PC","Percentage","0","Units",,,22.582,,
"50","Net Total","90","Total","0","Total","0","Total","PCT_GDP","In percentage of Gross Domestic Product","AUT","Austria","1999","1999","PC","Percentage","0","Units",,,22.713,,
"50","Net Total","90","Total","0","Total","0","Total","PCT_GDP","In percentage of Gross Domestic Product","AUT","Austria","2001","2001","PC","Percentage","0","Units",,,22.418,,
"50","Net Total","90","Total","0","Total","0","Total","PCT_GDP","In percentage of Gross Domestic Product","AUT","Austria","2003","2003","PC","Percentage","0","Units",,,23.249,,
"50","Net Total","90","Total","0","Total","0","Total","PCT_GDP","In percentage of Gross Domestic Product","AUT","Austria","2005","2005","PC","Percentage","0","Units",,,22.945,,
"50","Net Total","90","Total","0","Total","0","Total","PCT_GDP","In percentage of Gross Domestic Product","AUT","Austria","2007","2007","PC","Percentage","0","Units",,,22.483,,
"50","Net Total","90","Total","0","Total","0","Total","PCT_GDP","In percentage of Gross Domestic Product","AUT","Austria","2009","2009","PC","Percentage","0","Units",,,24.892,,
"50","Net Total","90","Total","0","Total","0","Total","PCT_GDP","In percentage of Gross Domestic Product","AUT","Austria","2011","2011","PC","Percentage","0","Units",,,24.13,,
"50","Net Total","90","Total","0","Total","0","Total","PCT_GDP","In percentage of Gross Domestic Product","AUT","Austria","2013","2013","PC","Percentage","0","Units",,,24.688,,
"50","Net Total","90","Total","0","Total","0","Total","PCT_GDP","In percentage of Gross Domestic Product","AUT","Austria","2015","2015","PC","Percentage","0","Units",,,24.82,,
"50","Net Total","90","Total","0","Total","0","Total","PCT_GDP","In percentage of Gross Domestic Product","AUT","Austria","2017","2017","PC","Percentage","0","Units",,,24.805,,
"50","Net Total","90","Total","0","Total","0","Total","PCT_GDP","In percentage of Gross Domestic Product","AUT","Austria","2019","2019","PC","Percentage","0","Units",,,24.754,,
"50","Net Total","90","Total","0","Total","0","Total","PCT_GDP","In percentage of Gross Domestic Product","KOR","Korea","1995","1995","PC","Percentage","0","Units",,,4.985,,
"50","Net Total","90","Total","0","Total","0","Total","PCT_GDP","In percentage of Gross Domestic Product","KOR","Korea","1997","1997","PC","Percentage","0","Units",,,5.61,,
"50","Net Total","90","Total","0","Total","0","Total","PCT_GDP","In percentage of Gross Domestic Product","KOR","Korea","1999","1999","PC","Percentage","0","Units",,,7.816,,
"50","Net Total","90","Total","0","Total","0","Total","PCT_GDP","In percentage of Gross Domestic Product","KOR","Korea","2001","2001","PC","Percentage","0","Units",,,7.138,,
"50","Net Total","90","Total","0","Total","0","Total","PCT_GDP","In percentage of Gross Domestic Product","KOR","Korea","2003","2003","PC","Percentage","0","Units",,,7.433,,
"50","Net Total","90","Total","0","Total","0","Total","PCT_GDP","In percentage of Gross Domestic Product","KOR","Korea","2005","2005","PC","Percentage","0","Units",,,7.98,,
"50","Net Total","90","Total","0","Total","0","Total","PCT_GDP","In percentage of Gross Domestic Product","KOR","Korea","2007","2007","PC","Percentage","0","Units",,,9.177,,
"50","Net Total","90","Total","0","Total","0","Total","PCT_GDP","In percentage of Gross Domestic Product","KOR","Korea","2009","2009","PC","Percentage","0","Units",,,10.417,,
"50","Net Total","90","Total","0","Total","0","Total","PCT_GDP","In percentage of Gross Domestic Product","KOR","Korea","2011","2011","PC","Percentage","0","Units",,,10.264,,
"50","Net Total","90","Total","0","Total","0","Total","PCT_GDP","In percentage of Gross Domestic Product","KOR","Korea","2013","2013","PC","Percentage","0","Units",,,11.336,,
"50","Net Total","90","Total","0","Total","0","Total","PCT_GDP","In percentage of Gross Domestic Product","KOR","Korea","2015","2015","PC","Percentage","0","Units",,,12.329,,
"50","Net Total","90","Total","0","Total","0","Total","PCT_GDP","In percentage of Gross Domestic Product","KOR","Korea","2017","2017","PC","Percentage","0","Units",,,12.786,,
"50","Net Total","90","Total","0","Total","0","Total","PCT_GDP","In percentage of Gross Domestic Product","KOR","Korea","2019","2019","PC","Percentage","0","Units",,,15.517,,
"50","Net Total","90","Total","0","Total","0","Total","PCT_GDP","In percentage of Gross Domestic Product","FIN","Finland","1995","1995","PC","Percentage","0","Units",,,22.488,,
"50","Net Total","90","Total","0","Total","0","Total","PCT_GDP","In percentage of Gross Domestic Product","FIN","Finland","1997","1997","PC","Percentage","0","Units",,,20.8,,
"50","Net Total","90","Total","0","Total","0","Total","PCT_GDP","In percentage of Gross Domestic Product","FIN","Finland","1999","1999","PC","Percentage","0","Units",,,18.914,,
"50","Net Total","90","Total","0","Total","0","Total","PCT_GDP","In percentage of Gross Domestic Product","FIN","Finland","2001","2001","PC","Percentage","0","Units",,,18.287,,
"50","Net Total","90","Total","0","Total","0","Total","PCT_GDP","In percentage of Gross Domestic Product","FIN","Finland","2003","2003","PC","Percentage","0","Units",,,19.456,,
"50","Net Total","90","Total","0","Total","0","Total","PCT_GDP","In percentage of Gross Domestic Product","FIN","Finland","2005","2005","PC","Percentage","0","Units",,,19.67,,
"50","Net Total","90","Total","0","Total","0","Total","PCT_GDP","In percentage of Gross Domestic Product","FIN","Finland","2007","2007","PC","Percentage","0","Units",,,18.986,,
"50","Net Total","90","Total","0","Total","0","Total","PCT_GDP","In percentage of Gross Domestic Product","FIN","Finland","2009","2009","PC","Percentage","0","Units",,,22.785,,
"50","Net Total","90","Total","0","Total","0","Total","PCT_GDP","In percentage of Gross Domestic Product","FIN","Finland","2011","2011","PC","Percentage","0","Units",,,22.635,,
"50","Net Total","90","Total","0","Total","0","Total","PCT_GDP","In percentage of Gross Domestic Product","FIN","Finland","2013","2013","PC","Percentage","0","Units",,,24.403,,
"50","Net Total","90","Total","0","Total","0","Total","PCT_GDP","In percentage of Gross Domestic Product","FIN","Finland","2015","2015","PC","Percentage","0","Units",,,25.407,,
"50","Net Total","90","Total","0","Total","0","Total","PCT_GDP","In percentage of Gross Domestic Product","FIN","Finland","2017","2017","PC","Percentage","0","Units",,,24.483,,
"50","Net Total","90","Total","0","Total","0","Total","PCT_GDP","In percentage of Gross Domestic Product","FIN","Finland","2019","2019","PC","Percentage","0","Units",,,24.406,,
"50","Net Total","90","Total","0","Total","0","Total","PCT_GDP","In percentage of Gross Domestic Product","GBR","United Kingdom","1997","1997","PC","Percentage","0","Units",,,20.552,,
"50","Net Total","90","Total","0","Total","0","Total","PCT_GDP","In percentage of Gross Domestic Product","GBR","United Kingdom","1999","1999","PC","Percentage","0","Units",,,20.552,,
"50","Net Total","90","Total","0","Total","0","Total","PCT_GDP","In percentage of Gross Domestic Product","GBR","United Kingdom","2001","2001","PC","Percentage","0","Units",,,21.848,,
"50","Net Total","90","Total","0","Total","0","Total","PCT_GDP","In percentage of Gross Domestic Product","GBR","United Kingdom","2003","2003","PC","Percentage","0","Units",,,22.503,,
"50","Net Total","90","Total","0","Total","0","Total","PCT_GDP","In percentage of Gross Domestic Product","GBR","United Kingdom","2005","2005","PC","Percentage","0","Units",,,22.742,,
"50","Net Total","90","Total","0","Total","0","Total","PCT_GDP","In percentage of Gross Domestic Product","GBR","United Kingdom","2007","2007","PC","Percentage","0","Units",,,22.664,,
"50","Net Total","90","Total","0","Total","0","Total","PCT_GDP","In percentage of Gross Domestic Product","GBR","United Kingdom","2009","2009","PC","Percentage","0","Units",,,26.301,,
"50","Net Total","90","Total","0","Total","0","Total","PCT_GDP","In percentage of Gross Domestic Product","GBR","United Kingdom","2011","2011","PC","Percentage","0","Units",,,26.365,,
"50","Net Total","90","Total","0","Total","0","Total","PCT_GDP","In percentage of Gross Domestic Product","GBR","United Kingdom","2013","2013","PC","Percentage","0","Units",,,25.683,,
"50","Net Total","90","Total","0","Total","0","Total","PCT_GDP","In percentage of Gross Domestic Product","GBR","United Kingdom","2015","2015","PC","Percentage","0","Units",,,24.667,,
"50","Net Total","90","Total","0","Total","0","Total","PCT_GDP","In percentage of Gross Domestic Product","GBR","United Kingdom","2017","2017","PC","Percentage","0","Units",,,24.008,,
"50","Net Total","90","Total","0","Total","0","Total","PCT_GDP","In percentage of Gross Domestic Product","BEL","Belgium","1995","1995","PC","Percentage","0","Units",,,23.533,,
"50","Net Total","90","Total","0","Total","0","Total","PCT_GDP","In percentage of Gross Domestic Product","BEL","Belgium","1997","1997","PC","Percentage","0","Units",,,22.878,,
"50","Net Total","90","Total","0","Total","0","Total","PCT_GDP","In percentage of Gross Domestic Product","BEL","Belgium","1999","1999","PC","Percentage","0","Units",,,22.683,,
"50","Net Total","90","Total","0","Total","0","Total","PCT_GDP","In percentage of Gross Domestic Product","BEL","Belgium","2001","2001","PC","Percentage","0","Units",,,21.88,,
"50","Net Total","90","Total","0","Total","0","Total","PCT_GDP","In percentage of Gross Domestic Product","BEL","Belgium","2003","2003","PC","Percentage","0","Units",,,23.213,,
"50","Net Total","90","Total","0","Total","0","Total","PCT_GDP","In percentage of Gross Domestic Product","BEL","Belgium","2005","2005","PC","Percentage","0","Units",,,22.719,,
"50","Net Total","90","Total","0","Total","0","Total","PCT_GDP","In percentage of Gross Domestic Product","BEL","Belgium","2007","2007","PC","Percentage","0","Units",,,22.391,,
"50","Net Total","90","Total","0","Total","0","Total","PCT_GDP","In percentage of Gross Domestic Product","BEL","Belgium","2009","2009","PC","Percentage","0","Units",,,25.648,,
"50","Net Total","90","Total","0","Total","0","Total","PCT_GDP","In percentage of Gross Domestic Product","BEL","Belgium","2011","2011","PC","Percentage","0","Units",,,25.555,,
"50","Net Total","90","Total","0","Total","0","Total","PCT_GDP","In percentage of Gross Domestic Product","BEL","Belgium","2013","2013","PC","Percentage","0","Units",,,25.627,,
"50","Net Total","90","Total","0","Total","0","Total","PCT_GDP","In percentage of Gross Domestic Product","BEL","Belgium","2015","2015","PC","Percentage","0","Units",,,26.176,,
"50","Net Total","90","Total","0","Total","0","Total","PCT_GDP","In percentage of Gross Domestic Product","BEL","Belgium","2017","2017","PC","Percentage","0","Units",,,25.479,,
"50","Net Total","90","Total","0","Total","0","Total","PCT_GDP","In percentage of Gross Domestic Product","BEL","Belgium","2019","2019","PC","Percentage","0","Units",,,25.614,,
"50","Net Total","90","Total","0","Total","0","Total","PCT_GDP","In percentage of Gross Domestic Product","IRL","Ireland","1995","1995","PC","Percentage","0","Units",,,16.512,,
"50","Net Total","90","Total","0","Total","0","Total","PCT_GDP","In percentage of Gross Domestic Product","IRL","Ireland","1997","1997","PC","Percentage","0","Units",,,14.717,,
"50","Net Total","90","Total","0","Total","0","Total","PCT_GDP","In percentage of Gross Domestic Product","IRL","Ireland","1999","1999","PC","Percentage","0","Units",,,13.229,,
"50","Net Total","90","Total","0","Total","0","Total","PCT_GDP","In percentage of Gross Domestic Product","IRL","Ireland","2001","2001","PC","Percentage","0","Units",,,15.624,,
"50","Net Total","90","Total","0","Total","0","Total","PCT_GDP","In percentage of Gross Domestic Product","IRL","Ireland","2003","2003","PC","Percentage","0","Units",,,15.218,,
"50","Net Total","90","Total","0","Total","0","Total","PCT_GDP","In percentage of Gross Domestic Product","IRL","Ireland","2005","2005","PC","Percentage","0","Units",,,15.814,,
"50","Net Total","90","Total","0","Total","0","Total","PCT_GDP","In percentage of Gross Domestic Product","IRL","Ireland","2007","2007","PC","Percentage","0","Units",,,16.937,,
"50","Net Total","90","Total","0","Total","0","Total","PCT_GDP","In percentage of Gross Domestic Product","IRL","Ireland","2009","2009","PC","Percentage","0","Units",,,24.319,,
"50","Net Total","90","Total","0","Total","0","Total","PCT_GDP","In percentage of Gross Domestic Product","IRL","Ireland","2011","2011","PC","Percentage","0","Units",,,24.014,,
"50","Net Total","90","Total","0","Total","0","Total","PCT_GDP","In percentage of Gross Domestic Product","IRL","Ireland","2013","2013","PC","Percentage","0","Units",,,22.767,,
"50","Net Total","90","Total","0","Total","0","Total","PCT_GDP","In percentage of Gross Domestic Product","IRL","Ireland","2015","2015","PC","Percentage","0","Units",,,15.772,,
"50","Net Total","90","Total","0","Total","0","Total","PCT_GDP","In percentage of Gross Domestic Product","IRL","Ireland","2017","2017","PC","Percentage","0","Units",,,14.807,,
"50","Net Total","90","Total","0","Total","0","Total","PCT_GDP","In percentage of Gross Domestic Product","IRL","Ireland","2019","2019","PC","Percentage","0","Units",,,13.426,,
"50","Net Total","90","Total","0","Total","0","Total","PCT_GDP","In percentage of Gross Domestic Product","CAN","Canada","1995","1995","PC","Percentage","0","Units",,,20.213,,
"50","Net Total","90","Total","0","Total","0","Total","PCT_GDP","In percentage of Gross Domestic Product","CAN","Canada","1997","1997","PC","Percentage","0","Units",,,19.125,,
"50","Net Total","90","Total","0","Total","0","Total","PCT_GDP","In percentage of Gross Domestic Product","CAN","Canada","1999","1999","PC","Percentage","0","Units",,,18.481,,
"50","Net Total","90","Total","0","Total","0","Total","PCT_GDP","In percentage of Gross Domestic Product","CAN","Canada","2001","2001","PC","Percentage","0","Units",,,19.296,,
"50","Net Total","90","Total","0","Total","0","Total","PCT_GDP","In percentage of Gross Domestic Product","CAN","Canada","2003","2003","PC","Percentage","0","Units",,,19.451,,
"50","Net Total","90","Total","0","Total","0","Total","PCT_GDP","In percentage of Gross Domestic Product","CAN","Canada","2005","2005","PC","Percentage","0","Units",,,19.467,,
"50","Net Total","90","Total","0","Total","0","Total","PCT_GDP","In percentage of Gross Domestic Product","CAN","Canada","2007","2007","PC","Percentage","0","Units",,,19.958,,
"50","Net Total","90","Total","0","Total","0","Total","PCT_GDP","In percentage of Gross Domestic Product","CAN","Canada","2009","2009","PC","Percentage","0","Units",,,21.67,,
"50","Net Total","90","Total","0","Total","0","Total","PCT_GDP","In percentage of Gross Domestic Product","CAN","Canada","2011","2011","PC","Percentage","0","Units",,,20.85,,
"50","Net Total","90","Total","0","Total","0","Total","PCT_GDP","In percentage of Gross Domestic Product","CAN","Canada","2013","2013","PC","Percentage","0","Units",,,21.016,,
"50","Net Total","90","Total","0","Total","0","Total","PCT_GDP","In percentage of Gross Domestic Product","CAN","Canada","2015","2015","PC","Percentage","0","Units",,,22.411,,
"50","Net Total","90","Total","0","Total","0","Total","PCT_GDP","In percentage of Gross Domestic Product","CAN","Canada","2017","2017","PC","Percentage","0","Units",,,23.115,,
"50","Net Total","90","Total","0","Total","0","Total","PCT_GDP","In percentage of Gross Domestic Product","ITA","Italy","1995","1995","PC","Percentage","0","Units",,,19.074,,
"50","Net Total","90","Total","0","Total","0","Total","PCT_GDP","In percentage of Gross Domestic Product","ITA","Italy","1997","1997","PC","Percentage","0","Units",,,19.913,,
"50","Net Total","90","Total","0","Total","0","Total","PCT_GDP","In percentage of Gross Domestic Product","ITA","Italy","1999","1999","PC","Percentage","0","Units",,,20.371,,
"50","Net Total","90","Total","0","Total","0","Total","PCT_GDP","In percentage of Gross Domestic Product","ITA","Italy","2001","2001","PC","Percentage","0","Units",,,20.651,,
"50","Net Total","90","Total","0","Total","0","Total","PCT_GDP","In percentage of Gross Domestic Product","ITA","Italy","2003","2003","PC","Percentage","0","Units",,,21.558,,
"50","Net Total","90","Total","0","Total","0","Total","PCT_GDP","In percentage of Gross Domestic Product","ITA","Italy","2005","2005","PC","Percentage","0","Units",,,21.894,,
"50","Net Total","90","Total","0","Total","0","Total","PCT_GDP","In percentage of Gross Domestic Product","ITA","Italy","2007","2007","PC","Percentage","0","Units",,,21.8,,
"50","Net Total","90","Total","0","Total","0","Total","PCT_GDP","In percentage of Gross Domestic Product","ITA","Italy","2009","2009","PC","Percentage","0","Units",,,24.747,,
"50","Net Total","90","Total","0","Total","0","Total","PCT_GDP","In percentage of Gross Domestic Product","ITA","Italy","2011","2011","PC","Percentage","0","Units",,,23.994,,
"50","Net Total","90","Total","0","Total","0","Total","PCT_GDP","In percentage of Gross Domestic Product","ITA","Italy","2013","2013","PC","Percentage","0","Units",,,25.085,,
"50","Net Total","90","Total","0","Total","0","Total","PCT_GDP","In percentage of Gross Domestic Product","ITA","Italy","2015","2015","PC","Percentage","0","Units",,,25.116,,
"50","Net Total","90","Total","0","Total","0","Total","PCT_GDP","In percentage of Gross Domestic Product","ITA","Italy","2017","2017","PC","Percentage","0","Units",,,24.519,,
"50","Net Total","90","Total","0","Total","0","Total","PCT_GDP","In percentage of Gross Domestic Product","ITA","Italy","2019","2019","PC","Percentage","0","Units",,,24.442,,
"50","Net Total","90","Total","0","Total","0","Total","PCT_GDP","In percentage of Gross Domestic Product","USA","United States","1995","1995","PC","Percentage","0","Units",,,22.484,,
"50","Net Total","90","Total","0","Total","0","Total","PCT_GDP","In percentage of Gross Domestic Product","USA","United States","1997","1997","PC","Percentage","0","Units",,,22.23,,
"50","Net Total","90","Total","0","Total","0","Total","PCT_GDP","In percentage of Gross Domestic Product","USA","United States","1999","1999","PC","Percentage","0","Units",,,22.024,,
"50","Net Total","90","Total","0","Total","0","Total","PCT_GDP","In percentage of Gross Domestic Product","USA","United States","2001","2001","PC","Percentage","0","Units",,,23.341,,
"50","Net Total","90","Total","0","Total","0","Total","PCT_GDP","In percentage of Gross Domestic Product","USA","United States","2003","2003","PC","Percentage","0","Units",,,25.2,,
"50","Net Total","90","Total","0","Total","0","Total","PCT_GDP","In percentage of Gross Domestic Product","USA","United States","2005","2005","PC","Percentage","0","Units",,,24.861,,
"50","Net Total","90","Total","0","Total","0","Total","PCT_GDP","In percentage of Gross Domestic Product","USA","United States","2007","2007","PC","Percentage","0","Units",,,25.358,,
"50","Net Total","90","Total","0","Total","0","Total","PCT_GDP","In percentage of Gross Domestic Product","USA","United States","2009","2009","PC","Percentage","0","Units",,,27.973,,
"50","Net Total","90","Total","0","Total","0","Total","PCT_GDP","In percentage of Gross Domestic Product","USA","United States","2011","2011","PC","Percentage","0","Units",,,29.047,,
"50","Net Total","90","Total","0","Total","0","Total","PCT_GDP","In percentage of Gross Domestic Product","USA","United States","2013","2013","PC","Percentage","0","Units",,,28.73,,
"50","Net Total","90","Total","0","Total","0","Total","PCT_GDP","In percentage of Gross Domestic Product","USA","United States","2015","2015","PC","Percentage","0","Units",,,29.142,,
"50","Net Total","90","Total","0","Total","0","Total","PCT_GDP","In percentage of Gross Domestic Product","USA","United States","2017","2017","PC","Percentage","0","Units",,,29.405,,
"50","Net Total","90","Total","0","Total","0","Total","PCT_GDP","In percentage of Gross Domestic Product","POL","Poland","2005","2005","PC","Percentage","0","Units",,,17.233,,
"50","Net Total","90","Total","0","Total","0","Total","PCT_GDP","In percentage of Gross Domestic Product","POL","Poland","2007","2007","PC","Percentage","0","Units",,,16.026,,
"50","Net Total","90","Total","0","Total","0","Total","PCT_GDP","In percentage of Gross Domestic Product","POL","Poland","2009","2009","PC","Percentage","0","Units",,,18.358,,
"50","Net Total","90","Total","0","Total","0","Total","PCT_GDP","In percentage of Gross Domestic Product","POL","Poland","2011","2011","PC","Percentage","0","Units",,,16.594,,
"50","Net Total","90","Total","0","Total","0","Total","PCT_GDP","In percentage of Gross Domestic Product","POL","Poland","2013","2013","PC","Percentage","0","Units",,,17.533,,
"50","Net Total","90","Total","0","Total","0","Total","PCT_GDP","In percentage of Gross Domestic Product","POL","Poland","2015","2015","PC","Percentage","0","Units",,,17.035,,
"50","Net Total","90","Total","0","Total","0","Total","PCT_GDP","In percentage of Gross Domestic Product","POL","Poland","2017","2017","PC","Percentage","0","Units",,,17.291,,
"50","Net Total","90","Total","0","Total","0","Total","PCT_GDP","In percentage of Gross Domestic Product","POL","Poland","2019","2019","PC","Percentage","0","Units",,,17.96,,
"50","Net Total","90","Total","0","Total","0","Total","PCT_GDP","In percentage of Gross Domestic Product","LUX","Luxembourg","2003","2003","PC","Percentage","0","Units",,,18.843,,
"50","Net Total","90","Total","0","Total","0","Total","PCT_GDP","In percentage of Gross Domestic Product","LUX","Luxembourg","2005","2005","PC","Percentage","0","Units",,,18.405,,
"50","Net Total","90","Total","0","Total","0","Total","PCT_GDP","In percentage of Gross Domestic Product","LUX","Luxembourg","2007","2007","PC","Percentage","0","Units",,,16.314,,
"50","Net Total","90","Total","0","Total","0","Total","PCT_GDP","In percentage of Gross Domestic Product","LUX","Luxembourg","2009","2009","PC","Percentage","0","Units",,,18.809,,
"50","Net Total","90","Total","0","Total","0","Total","PCT_GDP","In percentage of Gross Domestic Product","LUX","Luxembourg","2011","2011","PC","Percentage","0","Units",,,16.174,,
"50","Net Total","90","Total","0","Total","0","Total","PCT_GDP","In percentage of Gross Domestic Product","LUX","Luxembourg","2013","2013","PC","Percentage","0","Units",,,16.785,,
"50","Net Total","90","Total","0","Total","0","Total","PCT_GDP","In percentage of Gross Domestic Product","LUX","Luxembourg","2015","2015","PC","Percentage","0","Units",,,16.975,,
"50","Net Total","90","Total","0","Total","0","Total","PCT_GDP","In percentage of Gross Domestic Product","LUX","Luxembourg","2017","2017","PC","Percentage","0","Units",,,17.239,,
"50","Net Total","90","Total","0","Total","0","Total","PCT_GDP","In percentage of Gross Domestic Product","LUX","Luxembourg","2019","2019","PC","Percentage","0","Units",,,17.865,,
"50","Net Total","90","Total","0","Total","0","Total","PCT_GDP","In percentage of Gross Domestic Product","PRT","Portugal","2003","2003","PC","Percentage","0","Units",,,21.081,,
"50","Net Total","90","Total","0","Total","0","Total","PCT_GDP","In percentage of Gross Domestic Product","PRT","Portugal","2005","2005","PC","Percentage","0","Units",,,22.111,,
"50","Net Total","90","Total","0","Total","0","Total","PCT_GDP","In percentage of Gross Domestic Product","PRT","Portugal","2007","2007","PC","Percentage","0","Units",,,21.489,,
"50","Net Total","90","Total","0","Total","0","Total","PCT_GDP","In percentage of Gross Domestic Product","PRT","Portugal","2009","2009","PC","Percentage","0","Units",,,24.518,,
"50","Net Total","90","Total","0","Total","0","Total","PCT_GDP","In percentage of Gross Domestic Product","PRT","Portugal","2011","2011","PC","Percentage","0","Units",,,23.865,,
"50","Net Total","90","Total","0","Total","0","Total","PCT_GDP","In percentage of Gross Domestic Product","PRT","Portugal","2013","2013","PC","Percentage","0","Units",,,24.059,,
"50","Net Total","90","Total","0","Total","0","Total","PCT_GDP","In percentage of Gross Domestic Product","PRT","Portugal","2015","2015","PC","Percentage","0","Units",,,23.226,,
"50","Net Total","90","Total","0","Total","0","Total","PCT_GDP","In percentage of Gross Domestic Product","PRT","Portugal","2017","2017","PC","Percentage","0","Units",,,22.235,,
"50","Net Total","90","Total","0","Total","0","Total","PCT_GDP","In percentage of Gross Domestic Product","PRT","Portugal","2019","2019","PC","Percentage","0","Units",,,21.693,,
"50","Net Total","90","Total","0","Total","0","Total","PCT_GDP","In percentage of Gross Domestic Product","MEX","Mexico","1999","1999","PC","Percentage","0","Units",,,4.091,,
"50","Net Total","90","Total","0","Total","0","Total","PCT_GDP","In percentage of Gross Domestic Product","MEX","Mexico","2001","2001","PC","Percentage","0","Units",,,5.891,,
"50","Net Total","90","Total","0","Total","0","Total","PCT_GDP","In percentage of Gross Domestic Product","MEX","Mexico","2003","2003","PC","Percentage","0","Units",,,6.652,,
"50","Net Total","90","Total","0","Total","0","Total","PCT_GDP","In percentage of Gross Domestic Product","MEX","Mexico","2005","2005","PC","Percentage","0","Units",,,6.984,,
"50","Net Total","90","Total","0","Total","0","Total","PCT_GDP","In percentage of Gross Domestic Product","MEX","Mexico","2007","2007","PC","Percentage","0","Units",,,7.17,,
"50","Net Total","90","Total","0","Total","0","Total","PCT_GDP","In percentage of Gross Domestic Product","MEX","Mexico","2009","2009","PC","Percentage","0","Units",,,7.572,,
"50","Net Total","90","Total","0","Total","0","Total","PCT_GDP","In percentage of Gross Domestic Product","MEX","Mexico","2011","2011","PC","Percentage","0","Units",,,7.28,,
"50","Net Total","90","Total","0","Total","0","Total","PCT_GDP","In percentage of Gross Domestic Product","MEX","Mexico","2013","2013","PC","Percentage","0","Units",,,7.679,,
"50","Net Total","90","Total","0","Total","0","Total","PCT_GDP","In percentage of Gross Domestic Product","MEX","Mexico","2015","2015","PC","Percentage","0","Units",,,7.687,,
"50","Net Total","90","Total","0","Total","0","Total","PCT_GDP","In percentage of Gross Domestic Product","MEX","Mexico","2017","2017","PC","Percentage","0","Units",,,7.487,,
"50","Net Total","90","Total","0","Total","0","Total","PCT_GDP","In percentage of Gross Domestic Product","MEX","Mexico","2019","2019","PC","Percentage","0","Units",,,7.493,,
"50","Net Total","90","Total","0","Total","0","Total","PCT_GDP","In percentage of Gross Domestic Product","DEU","Germany","1995","1995","PC","Percentage","0","Units",,,24.859,,
"50","Net Total","90","Total","0","Total","0","Total","PCT_GDP","In percentage of Gross Domestic Product","DEU","Germany","1997","1997","PC","Percentage","0","Units",,,25.383,,
"50","Net Total","90","Total","0","Total","0","Total","PCT_GDP","In percentage of Gross Domestic Product","DEU","Germany","1999","1999","PC","Percentage","0","Units",,,26.812,,
"50","Net Total","90","Total","0","Total","0","Total","PCT_GDP","In percentage of Gross Domestic Product","DEU","Germany","2001","2001","PC","Percentage","0","Units",,,25.894,,
"50","Net Total","90","Total","0","Total","0","Total","PCT_GDP","In percentage of Gross Domestic Product","DEU","Germany","2003","2003","PC","Percentage","0","Units",,,27.004,,
"50","Net Total","90","Total","0","Total","0","Total","PCT_GDP","In percentage of Gross Domestic Product","DEU","Germany","2005","2005","PC","Percentage","0","Units",,,26.375,,
"50","Net Total","90","Total","0","Total","0","Total","PCT_GDP","In percentage of Gross Domestic Product","DEU","Germany","2007","2007","PC","Percentage","0","Units",,,24.088,,
"50","Net Total","90","Total","0","Total","0","Total","PCT_GDP","In percentage of Gross Domestic Product","DEU","Germany","2009","2009","PC","Percentage","0","Units",,,26.531,,
"50","Net Total","90","Total","0","Total","0","Total","PCT_GDP","In percentage of Gross Domestic Product","DEU","Germany","2011","2011","PC","Percentage","0","Units",,,24.64,,
"50","Net Total","90","Total","0","Total","0","Total","PCT_GDP","In percentage of Gross Domestic Product","DEU","Germany","2013","2013","PC","Percentage","0","Units",,,24.842,,
"50","Net Total","90","Total","0","Total","0","Total","PCT_GDP","In percentage of Gross Domestic Product","DEU","Germany","2015","2015","PC","Percentage","0","Units",,,24.959,,
"50","Net Total","90","Total","0","Total","0","Total","PCT_GDP","In percentage of Gross Domestic Product","DEU","Germany","2017","2017","PC","Percentage","0","Units",,,25.06,,
"50","Net Total","90","Total","0","Total","0","Total","PCT_GDP","In percentage of Gross Domestic Product","DEU","Germany","2019","2019","PC","Percentage","0","Units",,,25.404,,
"50","Net Total","90","Total","0","Total","0","Total","PCT_GDP","In percentage of Gross Domestic Product","NZL","New Zealand","1997","1997","PC","Percentage","0","Units",,,16.015,,
"50","Net Total","90","Total","0","Total","0","Total","PCT_GDP","In percentage of Gross Domestic Product","NZL","New Zealand","1999","1999","PC","Percentage","0","Units",,,16.151,,
"50","Net Total","90","Total","0","Total","0","Total","PCT_GDP","In percentage of Gross Domestic Product","NZL","New Zealand","2001","2001","PC","Percentage","0","Units",,,15.502,,
"50","Net Total","90","Total","0","Total","0","Total","PCT_GDP","In percentage of Gross Domestic Product","NZL","New Zealand","2003","2003","PC","Percentage","0","Units",,,14.826,,
"50","Net Total","90","Total","0","Total","0","Total","PCT_GDP","In percentage of Gross Domestic Product","NZL","New Zealand","2005","2005","PC","Percentage","0","Units",,,17.754,,
"50","Net Total","90","Total","0","Total","0","Total","PCT_GDP","In percentage of Gross Domestic Product","NZL","New Zealand","2007","2007","PC","Percentage","0","Units",,,18.62,,
"50","Net Total","90","Total","0","Total","0","Total","PCT_GDP","In percentage of Gross Domestic Product","NZL","New Zealand","2009","2009","PC","Percentage","0","Units",,,21.571,,
"50","Net Total","90","Total","0","Total","0","Total","PCT_GDP","In percentage of Gross Domestic Product","NZL","New Zealand","2011","2011","PC","Percentage","0","Units",,,21.047,,
"50","Net Total","90","Total","0","Total","0","Total","PCT_GDP","In percentage of Gross Domestic Product","NZL","New Zealand","2013","2013","PC","Percentage","0","Units",,,19.422,,
"50","Net Total","90","Total","0","Total","0","Total","PCT_GDP","In percentage of Gross Domestic Product","NZL","New Zealand","2015","2015","PC","Percentage","0","Units",,,18.197,,
"50","Net Total","90","Total","0","Total","0","Total","PCT_GDP","In percentage of Gross Domestic Product","NZL","New Zealand","2017","2017","PC","Percentage","0","Units",,,17.042,,
"50","Net Total","90","Total","0","Total","0","Total","PCT_GDP","In percentage of Gross Domestic Product","NZL","New Zealand","2019","2019","PC","Percentage","0","Units",,,21.542,,
"50","Net Total","90","Total","0","Total","0","Total","PCT_GDP","In percentage of Gross Domestic Product","SVK","Slovak Republic","2001","2001","PC","Percentage","0","Units",,,16.619,,
"50","Net Total","90","Total","0","Total","0","Total","PCT_GDP","In percentage of Gross Domestic Product","SVK","Slovak Republic","2003","2003","PC","Percentage","0","Units",,,16.468,,
"50","Net Total","90","Total","0","Total","0","Total","PCT_GDP","In percentage of Gross Domestic Product","SVK","Slovak Republic","2005","2005","PC","Percentage","0","Units",,,14.735,,
"50","Net Total","90","Total","0","Total","0","Total","PCT_GDP","In percentage of Gross Domestic Product","SVK","Slovak Republic","2007","2007","PC","Percentage","0","Units",,,14.908,,
"50","Net Total","90","Total","0","Total","0","Total","PCT_GDP","In percentage of Gross Domestic Product","SVK","Slovak Republic","2009","2009","PC","Percentage","0","Units",,,17.935,,
"50","Net Total","90","Total","0","Total","0","Total","PCT_GDP","In percentage of Gross Domestic Product","SVK","Slovak Republic","2011","2011","PC","Percentage","0","Units",,,16.843,,
"50","Net Total","90","Total","0","Total","0","Total","PCT_GDP","In percentage of Gross Domestic Product","SVK","Slovak Republic","2013","2013","PC","Percentage","0","Units",,,17.344,,
"50","Net Total","90","Total","0","Total","0","Total","PCT_GDP","In percentage of Gross Domestic Product","SVK","Slovak Republic","2015","2015","PC","Percentage","0","Units",,,16.794,,
"50","Net Total","90","Total","0","Total","0","Total","PCT_GDP","In percentage of Gross Domestic Product","SVK","Slovak Republic","2017","2017","PC","Percentage","0","Units",,,17.025,,
"50","Net Total","90","Total","0","Total","0","Total","PCT_GDP","In percentage of Gross Domestic Product","SVK","Slovak Republic","2019","2019","PC","Percentage","0","Units",,,16.995,,
"50","Net Total","90","Total","0","Total","0","Total","PCT_GDP","In percentage of Gross Domestic Product","ESP","Spain","2001","2001","PC","Percentage","0","Units",,,16.711,,
"50","Net Total","90","Total","0","Total","0","Total","PCT_GDP","In percentage of Gross Domestic Product","ESP","Spain","2003","2003","PC","Percentage","0","Units",,,17.873,,
"50","Net Total","90","Total","0","Total","0","Total","PCT_GDP","In percentage of Gross Domestic Product","ESP","Spain","2005","2005","PC","Percentage","0","Units",,,18.335,,
"50","Net Total","90","Total","0","Total","0","Total","PCT_GDP","In percentage of Gross Domestic Product","ESP","Spain","2007","2007","PC","Percentage","0","Units",,,18.89,,
"50","Net Total","90","Total","0","Total","0","Total","PCT_GDP","In percentage of Gross Domestic Product","ESP","Spain","2009","2009","PC","Percentage","0","Units",,,24.406,,
"50","Net Total","90","Total","0","Total","0","Total","PCT_GDP","In percentage of Gross Domestic Product","ESP","Spain","2011","2011","PC","Percentage","0","Units",,,24.329,,
"50","Net Total","90","Total","0","Total","0","Total","PCT_GDP","In percentage of Gross Domestic Product","ESP","Spain","2013","2013","PC","Percentage","0","Units",,,24.026,,
"50","Net Total","90","Total","0","Total","0","Total","PCT_GDP","In percentage of Gross Domestic Product","ESP","Spain","2015","2015","PC","Percentage","0","Units",,,23.105,,
"50","Net Total","90","Total","0","Total","0","Total","PCT_GDP","In percentage of Gross Domestic Product","ESP","Spain","2017","2017","PC","Percentage","0","Units",,,22.454,,
"50","Net Total","90","Total","0","Total","0","Total","PCT_GDP","In percentage of Gross Domestic Product","ESP","Spain","2019","2019","PC","Percentage","0","Units",,,23.233,,
"50","Net Total","90","Total","0","Total","0","Total","PCT_GDP","In percentage of Gross Domestic Product","JPN","Japan","1997","1997","PC","Percentage","0","Units",,,15.978,,
"50","Net Total","90","Total","0","Total","0","Total","PCT_GDP","In percentage of Gross Domestic Product","JPN","Japan","1999","1999","PC","Percentage","0","Units",,,17.854,,
"50","Net Total","90","Total","0","Total","0","Total","PCT_GDP","In percentage of Gross Domestic Product","JPN","Japan","2001","2001","PC","Percentage","0","Units",,,18.949,,
"50","Net Total","90","Total","0","Total","0","Total","PCT_GDP","In percentage of Gross Domestic Product","JPN","Japan","2003","2003","PC","Percentage","0","Units",,,18.895,,
"50","Net Total","90","Total","0","Total","0","Total","PCT_GDP","In percentage of Gross Domestic Product","JPN","Japan","2005","2005","PC","Percentage","0","Units",,,18.893,,
"50","Net Total","90","Total","0","Total","0","Total","PCT_GDP","In percentage of Gross Domestic Product","JPN","Japan","2007","2007","PC","Percentage","0","Units",,,19.876,,
"50","Net Total","90","Total","0","Total","0","Total","PCT_GDP","In percentage of Gross Domestic Product","JPN","Japan","2009","2009","PC","Percentage","0","Units",,,23.211,,
"50","Net Total","90","Total","0","Total","0","Total","PCT_GDP","In percentage of Gross Domestic Product","JPN","Japan","2011","2011","PC","Percentage","0","Units",,,24.273,,
"50","Net Total","90","Total","0","Total","0","Total","PCT_GDP","In percentage of Gross Domestic Product","JPN","Japan","2013","2013","PC","Percentage","0","Units",,,24.034,,
"50","Net Total","90","Total","0","Total","0","Total","PCT_GDP","In percentage of Gross Domestic Product","JPN","Japan","2015","2015","PC","Percentage","0","Units",,,23.536,,
"50","Net Total","90","Total","0","Total","0","Total","PCT_GDP","In percentage of Gross Domestic Product","JPN","Japan","2017","2017","PC","Percentage","0","Units",,,23.492,,
"50","Net Total","90","Total","0","Total","0","Total","PCT_GDP","In percentage of Gross Domestic Product","NLD","Netherlands","1995","1995","PC","Percentage","0","Units",,,22.054,,
"50","Net Total","90","Total","0","Total","0","Total","PCT_GDP","In percentage of Gross Domestic Product","NLD","Netherlands","1997","1997","PC","Percentage","0","Units",,,20.602,,
"50","Net Total","90","Total","0","Total","0","Total","PCT_GDP","In percentage of Gross Domestic Product","NLD","Netherlands","1999","1999","PC","Percentage","0","Units",,,21.329,,
"50","Net Total","90","Total","0","Total","0","Total","PCT_GDP","In percentage of Gross Domestic Product","NLD","Netherlands","2001","2001","PC","Percentage","0","Units",,,21.856,,
"50","Net Total","90","Total","0","Total","0","Total","PCT_GDP","In percentage of Gross Domestic Product","NLD","Netherlands","2003","2003","PC","Percentage","0","Units",,,23.316,,
"50","Net Total","90","Total","0","Total","0","Total","PCT_GDP","In percentage of Gross Domestic Product","NLD","Netherlands","2005","2005","PC","Percentage","0","Units",,,23.059,,
"50","Net Total","90","Total","0","Total","0","Total","PCT_GDP","In percentage of Gross Domestic Product","NLD","Netherlands","2007","2007","PC","Percentage","0","Units",,,22.964,,
"50","Net Total","90","Total","0","Total","0","Total","PCT_GDP","In percentage of Gross Domestic Product","NLD","Netherlands","2009","2009","PC","Percentage","0","Units",,,25.142,,
"50","Net Total","90","Total","0","Total","0","Total","PCT_GDP","In percentage of Gross Domestic Product","NLD","Netherlands","2011","2011","PC","Percentage","0","Units",,,25.881,,
"50","Net Total","90","Total","0","Total","0","Total","PCT_GDP","In percentage of Gross Domestic Product","NLD","Netherlands","2013","2013","PC","Percentage","0","Units",,,25.871,,
"50","Net Total","90","Total","0","Total","0","Total","PCT_GDP","In percentage of Gross Domestic Product","NLD","Netherlands","2015","2015","PC","Percentage","0","Units",,,26.397,,
"50","Net Total","90","Total","0","Total","0","Total","PCT_GDP","In percentage of Gross Domestic Product","NLD","Netherlands","2017","2017","PC","Percentage","0","Units",,,25.724,,
"50","Net Total","90","Total","0","Total","0","Total","PCT_GDP","In percentage of Gross Domestic Product","NLD","Netherlands","2019","2019","PC","Percentage","0","Units",,,25.251,,
"50","Net Total","90","Total","0","Total","0","Total","PCT_GDP","In percentage of Gross Domestic Product","DNK","Denmark","1995","1995","PC","Percentage","0","Units",,,22.994,,
"50","Net Total","90","Total","0","Total","0","Total","PCT_GDP","In percentage of Gross Domestic Product","DNK","Denmark","1997","1997","PC","Percentage","0","Units",,,21.604,,
"50","Net Total","90","Total","0","Total","0","Total","PCT_GDP","In percentage of Gross Domestic Product","DNK","Denmark","1999","1999","PC","Percentage","0","Units",,,21.638,,
"50","Net Total","90","Total","0","Total","0","Total","PCT_GDP","In percentage of Gross Domestic Product","DNK","Denmark","2001","2001","PC","Percentage","0","Units",,,20.879,,
"50","Net Total","90","Total","0","Total","0","Total","PCT_GDP","In percentage of Gross Domestic Product","DNK","Denmark","2003","2003","PC","Percentage","0","Units",,,22.152,,
"50","Net Total","90","Total","0","Total","0","Total","PCT_GDP","In percentage of Gross Domestic Product","DNK","Denmark","2005","2005","PC","Percentage","0","Units",,,21.821,,
"50","Net Total","90","Total","0","Total","0","Total","PCT_GDP","In percentage of Gross Domestic Product","DNK","Denmark","2007","2007","PC","Percentage","0","Units",,,22.839,,
"50","Net Total","90","Total","0","Total","0","Total","PCT_GDP","In percentage of Gross Domestic Product","DNK","Denmark","2009","2009","PC","Percentage","0","Units",,,26.397,,
"50","Net Total","90","Total","0","Total","0","Total","PCT_GDP","In percentage of Gross Domestic Product","DNK","Denmark","2011","2011","PC","Percentage","0","Units",,,26.442,,
"50","Net Total","90","Total","0","Total","0","Total","PCT_GDP","In percentage of Gross Domestic Product","DNK","Denmark","2013","2013","PC","Percentage","0","Units",,,26.787,,
"50","Net Total","90","Total","0","Total","0","Total","PCT_GDP","In percentage of Gross Domestic Product","DNK","Denmark","2015","2015","PC","Percentage","0","Units",,,26.444,,
"50","Net Total","90","Total","0","Total","0","Total","PCT_GDP","In percentage of Gross Domestic Product","DNK","Denmark","2017","2017","PC","Percentage","0","Units",,,25.173,,
"50","Net Total","90","Total","0","Total","0","Total","PCT_GDP","In percentage of Gross Domestic Product","DNK","Denmark","2019","2019","PC","Percentage","0","Units",,,24.652,,
"50","Net Total","90","Total","0","Total","0","Total","PCT_GDP","In percentage of Gross Domestic Product","FRA","France","2001","2001","PC","Percentage","0","Units",,,27.37,,
"50","Net Total","90","Total","0","Total","0","Total","PCT_GDP","In percentage of Gross Domestic Product","FRA","France","2003","2003","PC","Percentage","0","Units",,,28.467,,
"50","Net Total","90","Total","0","Total","0","Total","PCT_GDP","In percentage of Gross Domestic Product","FRA","France","2005","2005","PC","Percentage","0","Units",,,28.612,,
"50","Net Total","90","Total","0","Total","0","Total","PCT_GDP","In percentage of Gross Domestic Product","FRA","France","2007","2007","PC","Percentage","0","Units",,,28.523,,
"50","Net Total","90","Total","0","Total","0","Total","PCT_GDP","In percentage of Gross Domestic Product","FRA","France","2009","2009","PC","Percentage","0","Units",,,31.251,,
"50","Net Total","90","Total","0","Total","0","Total","PCT_GDP","In percentage of Gross Domestic Product","FRA","France","2011","2011","PC","Percentage","0","Units",,,30.667,,
"50","Net Total","90","Total","0","Total","0","Total","PCT_GDP","In percentage of Gross Domestic Product","FRA","France","2013","2013","PC","Percentage","0","Units",,,31.303,,
"50","Net Total","90","Total","0","Total","0","Total","PCT_GDP","In percentage of Gross Domestic Product","FRA","France","2015","2015","PC","Percentage","0","Units",,,31.4,,
"50","Net Total","90","Total","0","Total","0","Total","PCT_GDP","In percentage of Gross Domestic Product","FRA","France","2017","2017","PC","Percentage","0","Units",,,30.934,,
"50","Net Total","90","Total","0","Total","0","Total","PCT_GDP","In percentage of Gross Domestic Product","FRA","France","2019","2019","PC","Percentage","0","Units",,,30.095,,
"50","Net Total","90","Total","0","Total","0","Total","PCT_GDP","In percentage of Gross Domestic Product","ISL","Iceland","2001","2001","PC","Percentage","0","Units",,,16.085,,
"50","Net Total","90","Total","0","Total","0","Total","PCT_GDP","In percentage of Gross Domestic Product","ISL","Iceland","2003","2003","PC","Percentage","0","Units",,,18.315,,
"50","Net Total","90","Total","0","Total","0","Total","PCT_GDP","In percentage of Gross Domestic Product","ISL","Iceland","2005","2005","PC","Percentage","0","Units",,,17.129,,
"50","Net Total","90","Total","0","Total","0","Total","PCT_GDP","In percentage of Gross Domestic Product","ISL","Iceland","2007","2007","PC","Percentage","0","Units",,,17.626,,
"50","Net Total","90","Total","0","Total","0","Total","PCT_GDP","In percentage of Gross Domestic Product","ISL","Iceland","2009","2009","PC","Percentage","0","Units",,,20.74,,
"50","Net Total","90","Total","0","Total","0","Total","PCT_GDP","In percentage of Gross Domestic Product","ISL","Iceland","2011","2011","PC","Percentage","0","Units",,,20.237,,
"50","Net Total","90","Total","0","Total","0","Total","PCT_GDP","In percentage of Gross Domestic Product","ISL","Iceland","2013","2013","PC","Percentage","0","Units",,,19.749,,
"50","Net Total","90","Total","0","Total","0","Total","PCT_GDP","In percentage of Gross Domestic Product","ISL","Iceland","2015","2015","PC","Percentage","0","Units",,,19.263,,
"50","Net Total","90","Total","0","Total","0","Total","PCT_GDP","In percentage of Gross Domestic Product","ISL","Iceland","2017","2017","PC","Percentage","0","Units",,,20.053,,
"50","Net Total","90","Total","0","Total","0","Total","PCT_GDP","In percentage of Gross Domestic Product","ISL","Iceland","2019","2019","PC","Percentage","0","Units",,,21.419,,
"50","Net Total","90","Total","0","Total","0","Total","PCT_GDP","In percentage of Gross Domestic Product","NOR","Norway","1995","1995","PC","Percentage","0","Units",,,18.883,,
"50","Net Total","90","Total","0","Total","0","Total","PCT_GDP","In percentage of Gross Domestic Product","NOR","Norway","1997","1997","PC","Percentage","0","Units",,,17.868,,
"50","Net Total","90","Total","0","Total","0","Total","PCT_GDP","In percentage of Gross Domestic Product","NOR","Norway","1999","1999","PC","Percentage","0","Units",,,19.19,,
"50","Net Total","90","Total","0","Total","0","Total","PCT_GDP","In percentage of Gross Domestic Product","NOR","Norway","2001","2001","PC","Percentage","0","Units",,,18.154,,
"50","Net Total","90","Total","0","Total","0","Total","PCT_GDP","In percentage of Gross Domestic Product","NOR","Norway","2003","2003","PC","Percentage","0","Units",,,20.647,,
"50","Net Total","90","Total","0","Total","0","Total","PCT_GDP","In percentage of Gross Domestic Product","NOR","Norway","2005","2005","PC","Percentage","0","Units",,,18.069,,
"50","Net Total","90","Total","0","Total","0","Total","PCT_GDP","In percentage of Gross Domestic Product","NOR","Norway","2007","2007","PC","Percentage","0","Units",,,17.084,,
"50","Net Total","90","Total","0","Total","0","Total","PCT_GDP","In percentage of Gross Domestic Product","NOR","Norway","2009","2009","PC","Percentage","0","Units",,,19.85,,
"50","Net Total","90","Total","0","Total","0","Total","PCT_GDP","In percentage of Gross Domestic Product","NOR","Norway","2011","2011","PC","Percentage","0","Units",,,19.219,,
"50","Net Total","90","Total","0","Total","0","Total","PCT_GDP","In percentage of Gross Domestic Product","NOR","Norway","2013","2013","PC","Percentage","0","Units",,,19.561,,
"50","Net Total","90","Total","0","Total","0","Total","PCT_GDP","In percentage of Gross Domestic Product","NOR","Norway","2015","2015","PC","Percentage","0","Units",,,21.932,,
"50","Net Total","90","Total","0","Total","0","Total","PCT_GDP","In percentage of Gross Domestic Product","NOR","Norway","2017","2017","PC","Percentage","0","Units",,,22.355,,
"50","Net Total","90","Total","0","Total","0","Total","PCT_GDP","In percentage of Gross Domestic Product","NOR","Norway","2019","2019","PC","Percentage","0","Units",,,22.572,,
"50","Net Total","90","Total","0","Total","0","Total","PCT_GDP","In percentage of Gross Domestic Product","CZE","Czech Republic","2001","2001","PC","Percentage","0","Units",,,16.496,,
"50","Net Total","90","Total","0","Total","0","Total","PCT_GDP","In percentage of Gross Domestic Product","CZE","Czech Republic","2003","2003","PC","Percentage","0","Units",,,17.404,,
"50","Net Total","90","Total","0","Total","0","Total","PCT_GDP","In percentage of Gross Domestic Product","CZE","Czech Republic","2005","2005","PC","Percentage","0","Units",,,16.54,,
"50","Net Total","90","Total","0","Total","0","Total","PCT_GDP","In percentage of Gross Domestic Product","CZE","Czech Republic","2007","2007","PC","Percentage","0","Units",,,15.977,,
"50","Net Total","90","Total","0","Total","0","Total","PCT_GDP","In percentage of Gross Domestic Product","CZE","Czech Republic","2009","2009","PC","Percentage","0","Units",,,18.549,,
"50","Net Total","90","Total","0","Total","0","Total","PCT_GDP","In percentage of Gross Domestic Product","CZE","Czech Republic","2011","2011","PC","Percentage","0","Units",,,18.094,,
"50","Net Total","90","Total","0","Total","0","Total","PCT_GDP","In percentage of Gross Domestic Product","CZE","Czech Republic","2013","2013","PC","Percentage","0","Units",,,19.013,,
"50","Net Total","90","Total","0","Total","0","Total","PCT_GDP","In percentage of Gross Domestic Product","CZE","Czech Republic","2015","2015","PC","Percentage","0","Units",,,17.765,,
"50","Net Total","90","Total","0","Total","0","Total","PCT_GDP","In percentage of Gross Domestic Product","CZE","Czech Republic","2017","2017","PC","Percentage","0","Units",,,17.424,,
"50","Net Total","90","Total","0","Total","0","Total","PCT_GDP","In percentage of Gross Domestic Product","CZE","Czech Republic","2019","2019","PC","Percentage","0","Units",,,17.975,,
