LOCATION,INDICATOR,SUBJECT,MEASURE,FREQUENCY,TIME,Value,Flag Codes
NOR,TRADEGOODSERV,IMP,AGRWTH,A,1995,5.587683786,
NOR,TRADEGOODSERV,IMP,AGRWTH,A,1996,8.840043312,
NOR,TRADEGOODSERV,IMP,AGRWTH,A,1997,12.61929215,
NOR,TRADEGOODSERV,IMP,AGRWTH,A,1998,9.209847445,
NOR,TRADEGOODSERV,IMP,AGRWTH,A,1999,-1.835335793,
NOR,TRADEGOODSERV,IMP,AGRWTH,A,2000,2.80518558,
NOR,TRADEGOODSERV,IMP,AGRWTH,A,2001,1.974620657,
NOR,TRADEGOODSERV,IMP,AGRWTH,A,2002,0.540039673,
NOR,TRADEGOODSERV,IMP,AGRWTH,A,2003,0.826769332,
NOR,TRADEGOODSERV,IMP,AGRWTH,A,2004,9.147725184,
NOR,TRADEGOODSERV,IMP,AGRWTH,A,2005,7.908886589,
NOR,TRADEGOODSERV,IMP,AGRWTH,A,2006,8.82662573,
NOR,TRADEGOODSERV,IMP,AGRWTH,A,2007,9.729034176,
NOR,TRADEGOODSERV,IMP,AGRWTH,A,2008,4.479367535,
NOR,TRADEGOODSERV,IMP,AGRWTH,A,2009,-10.23994723,
NOR,TRADEGOODSERV,IMP,AGRWTH,A,2010,7.98465503,
NOR,TRADEGOODSERV,IMP,AGRWTH,A,2011,3.9354106,
NOR,TRADEGOODSERV,IMP,AGRWTH,A,2012,2.934705677,
NOR,TRADEGOODSERV,IMP,AGRWTH,A,2013,5.04321297,
NOR,TRADEGOODSERV,IMP,AGRWTH,A,2014,2.179530144,
NOR,TRADEGOODSERV,IMP,AGRWTH,A,2015,1.882821248,
NOR,TRADEGOODSERV,IMP,AGRWTH,A,2016,1.932565295,
NOR,TRADEGOODSERV,IMP,AGRWTH,A,2017,1.840831212,
NOR,TRADEGOODSERV,IMP,AGRWTH,A,2018,1.390324531,
NOR,TRADEGOODSERV,IMP,AGRWTH,A,2019,5.336116759,
NOR,TRADEGOODSERV,IMP,AGRWTH,A,2020,-9.854724024,
KOR,TRADEGOODSERV,IMP,AGRWTH,A,1995,22.03032199,
KOR,TRADEGOODSERV,IMP,AGRWTH,A,1996,14.13596955,
KOR,TRADEGOODSERV,IMP,AGRWTH,A,1997,2.362403202,
KOR,TRADEGOODSERV,IMP,AGRWTH,A,1998,-24.21877915,
KOR,TRADEGOODSERV,IMP,AGRWTH,A,1999,24.63546727,
KOR,TRADEGOODSERV,IMP,AGRWTH,A,2000,22.09273479,
KOR,TRADEGOODSERV,IMP,AGRWTH,A,2001,-3.462178755,
KOR,TRADEGOODSERV,IMP,AGRWTH,A,2002,14.89118301,
KOR,TRADEGOODSERV,IMP,AGRWTH,A,2003,10.47927133,
KOR,TRADEGOODSERV,IMP,AGRWTH,A,2004,12.08419925,
KOR,TRADEGOODSERV,IMP,AGRWTH,A,2005,7.752680137,
KOR,TRADEGOODSERV,IMP,AGRWTH,A,2006,12.47189567,
KOR,TRADEGOODSERV,IMP,AGRWTH,A,2007,11.38314294,
KOR,TRADEGOODSERV,IMP,AGRWTH,A,2008,3.263048751,
KOR,TRADEGOODSERV,IMP,AGRWTH,A,2009,-6.907621961,
KOR,TRADEGOODSERV,IMP,AGRWTH,A,2010,17.50976276,
KOR,TRADEGOODSERV,IMP,AGRWTH,A,2011,14.5120282,
KOR,TRADEGOODSERV,IMP,AGRWTH,A,2012,2.567590928,
KOR,TRADEGOODSERV,IMP,AGRWTH,A,2013,1.639916119,
KOR,TRADEGOODSERV,IMP,AGRWTH,A,2014,1.263177947,
KOR,TRADEGOODSERV,IMP,AGRWTH,A,2015,2.112654337,
KOR,TRADEGOODSERV,IMP,AGRWTH,A,2016,5.174639537,
KOR,TRADEGOODSERV,IMP,AGRWTH,A,2017,8.856982109,
KOR,TRADEGOODSERV,IMP,AGRWTH,A,2018,1.712882232,
KOR,TRADEGOODSERV,IMP,AGRWTH,A,2019,-1.909360168,
KOR,TRADEGOODSERV,IMP,AGRWTH,A,2020,-3.128265077,
ESP,TRADEGOODSERV,IMP,AGRWTH,A,1995,11.07091172,E
ESP,TRADEGOODSERV,IMP,AGRWTH,A,1996,7.306638567,
ESP,TRADEGOODSERV,IMP,AGRWTH,A,1997,12.88829533,
ESP,TRADEGOODSERV,IMP,AGRWTH,A,1998,14.0427284,
ESP,TRADEGOODSERV,IMP,AGRWTH,A,1999,13.68959538,
ESP,TRADEGOODSERV,IMP,AGRWTH,A,2000,9.570880335,
ESP,TRADEGOODSERV,IMP,AGRWTH,A,2001,3.655111605,
ESP,TRADEGOODSERV,IMP,AGRWTH,A,2002,3.677449336,
ESP,TRADEGOODSERV,IMP,AGRWTH,A,2003,6.032727604,
ESP,TRADEGOODSERV,IMP,AGRWTH,A,2004,9.667700773,
ESP,TRADEGOODSERV,IMP,AGRWTH,A,2005,6.960046777,
ESP,TRADEGOODSERV,IMP,AGRWTH,A,2006,8.213107745,
ESP,TRADEGOODSERV,IMP,AGRWTH,A,2007,8.239988937,
ESP,TRADEGOODSERV,IMP,AGRWTH,A,2008,-5.507782964,
ESP,TRADEGOODSERV,IMP,AGRWTH,A,2009,-18.30267711,
ESP,TRADEGOODSERV,IMP,AGRWTH,A,2010,6.198746268,
ESP,TRADEGOODSERV,IMP,AGRWTH,A,2011,-0.590594379,
ESP,TRADEGOODSERV,IMP,AGRWTH,A,2012,-5.835135585,
ESP,TRADEGOODSERV,IMP,AGRWTH,A,2013,-0.214383029,
ESP,TRADEGOODSERV,IMP,AGRWTH,A,2014,6.799749406,
ESP,TRADEGOODSERV,IMP,AGRWTH,A,2015,5.076943186,
ESP,TRADEGOODSERV,IMP,AGRWTH,A,2016,2.64928792,
ESP,TRADEGOODSERV,IMP,AGRWTH,A,2017,6.787160465,
ESP,TRADEGOODSERV,IMP,AGRWTH,A,2018,3.920917372,
ESP,TRADEGOODSERV,IMP,AGRWTH,A,2019,1.288023459,
ESP,TRADEGOODSERV,IMP,AGRWTH,A,2020,-14.85320606,E
ISL,TRADEGOODSERV,IMP,AGRWTH,A,1995,3.617510893,E
ISL,TRADEGOODSERV,IMP,AGRWTH,A,1996,14.59908843,
ISL,TRADEGOODSERV,IMP,AGRWTH,A,1997,6.880123628,
ISL,TRADEGOODSERV,IMP,AGRWTH,A,1998,21.94540406,
ISL,TRADEGOODSERV,IMP,AGRWTH,A,1999,3.352342685,
ISL,TRADEGOODSERV,IMP,AGRWTH,A,2000,7.802035547,
ISL,TRADEGOODSERV,IMP,AGRWTH,A,2001,-9.975671394,
ISL,TRADEGOODSERV,IMP,AGRWTH,A,2002,-2.730556646,
ISL,TRADEGOODSERV,IMP,AGRWTH,A,2003,10.25543435,
ISL,TRADEGOODSERV,IMP,AGRWTH,A,2004,14.62208592,
ISL,TRADEGOODSERV,IMP,AGRWTH,A,2005,27.82708082,
ISL,TRADEGOODSERV,IMP,AGRWTH,A,2006,9.820007714,
ISL,TRADEGOODSERV,IMP,AGRWTH,A,2007,-2.262988363,
ISL,TRADEGOODSERV,IMP,AGRWTH,A,2008,-20.31270682,
ISL,TRADEGOODSERV,IMP,AGRWTH,A,2009,-20.66940839,
ISL,TRADEGOODSERV,IMP,AGRWTH,A,2010,2.31856026,
ISL,TRADEGOODSERV,IMP,AGRWTH,A,2011,6.773659613,
ISL,TRADEGOODSERV,IMP,AGRWTH,A,2012,4.603710782,
ISL,TRADEGOODSERV,IMP,AGRWTH,A,2013,0.105862078,
ISL,TRADEGOODSERV,IMP,AGRWTH,A,2014,10.02027747,
ISL,TRADEGOODSERV,IMP,AGRWTH,A,2015,13.54189652,
ISL,TRADEGOODSERV,IMP,AGRWTH,A,2016,14.6029663,
ISL,TRADEGOODSERV,IMP,AGRWTH,A,2017,11.8305899,
ISL,TRADEGOODSERV,IMP,AGRWTH,A,2018,-0.907562925,
ISL,TRADEGOODSERV,IMP,AGRWTH,A,2019,-9.088322364,
ISL,TRADEGOODSERV,IMP,AGRWTH,A,2020,-20.63537705,
BEL,TRADEGOODSERV,IMP,AGRWTH,A,1995,4.651707971,E
BEL,TRADEGOODSERV,IMP,AGRWTH,A,1996,5.554105542,
BEL,TRADEGOODSERV,IMP,AGRWTH,A,1997,8.202305689,
BEL,TRADEGOODSERV,IMP,AGRWTH,A,1998,5.058144576,
BEL,TRADEGOODSERV,IMP,AGRWTH,A,1999,3.373285238,
BEL,TRADEGOODSERV,IMP,AGRWTH,A,2000,13.01550527,
BEL,TRADEGOODSERV,IMP,AGRWTH,A,2001,-0.755473782,
BEL,TRADEGOODSERV,IMP,AGRWTH,A,2002,1.055975866,
BEL,TRADEGOODSERV,IMP,AGRWTH,A,2003,1.459475747,
BEL,TRADEGOODSERV,IMP,AGRWTH,A,2004,6.306671613,
BEL,TRADEGOODSERV,IMP,AGRWTH,A,2005,6.426575906,
BEL,TRADEGOODSERV,IMP,AGRWTH,A,2006,5.141851248,
BEL,TRADEGOODSERV,IMP,AGRWTH,A,2007,5.579332627,
BEL,TRADEGOODSERV,IMP,AGRWTH,A,2008,3.805004936,
BEL,TRADEGOODSERV,IMP,AGRWTH,A,2009,-10.85888872,
BEL,TRADEGOODSERV,IMP,AGRWTH,A,2010,9.687970264,
BEL,TRADEGOODSERV,IMP,AGRWTH,A,2011,5.625029754,
BEL,TRADEGOODSERV,IMP,AGRWTH,A,2012,-0.674804751,
BEL,TRADEGOODSERV,IMP,AGRWTH,A,2013,-0.213858263,
BEL,TRADEGOODSERV,IMP,AGRWTH,A,2014,5.528272669,
BEL,TRADEGOODSERV,IMP,AGRWTH,A,2015,3.913671554,
BEL,TRADEGOODSERV,IMP,AGRWTH,A,2016,7.451584446,
BEL,TRADEGOODSERV,IMP,AGRWTH,A,2017,5.219110728,
BEL,TRADEGOODSERV,IMP,AGRWTH,A,2018,1.976900958,
BEL,TRADEGOODSERV,IMP,AGRWTH,A,2019,1.956724801,
BEL,TRADEGOODSERV,IMP,AGRWTH,A,2020,-5.57674309,E
SWE,TRADEGOODSERV,IMP,AGRWTH,A,1995,7.218041631,
SWE,TRADEGOODSERV,IMP,AGRWTH,A,1996,3.431779049,
SWE,TRADEGOODSERV,IMP,AGRWTH,A,1997,12.31750212,
SWE,TRADEGOODSERV,IMP,AGRWTH,A,1998,10.92950283,
SWE,TRADEGOODSERV,IMP,AGRWTH,A,1999,5.409001485,
SWE,TRADEGOODSERV,IMP,AGRWTH,A,2000,12.24606162,
SWE,TRADEGOODSERV,IMP,AGRWTH,A,2001,-1.439170905,
SWE,TRADEGOODSERV,IMP,AGRWTH,A,2002,-1.03147992,
SWE,TRADEGOODSERV,IMP,AGRWTH,A,2003,3.145857069,
SWE,TRADEGOODSERV,IMP,AGRWTH,A,2004,6.836703667,
SWE,TRADEGOODSERV,IMP,AGRWTH,A,2005,6.839906467,
SWE,TRADEGOODSERV,IMP,AGRWTH,A,2006,8.329763732,
SWE,TRADEGOODSERV,IMP,AGRWTH,A,2007,8.026621069,
SWE,TRADEGOODSERV,IMP,AGRWTH,A,2008,3.055722999,
SWE,TRADEGOODSERV,IMP,AGRWTH,A,2009,-14.53530544,
SWE,TRADEGOODSERV,IMP,AGRWTH,A,2010,11.48340358,
SWE,TRADEGOODSERV,IMP,AGRWTH,A,2011,7.083975801,
SWE,TRADEGOODSERV,IMP,AGRWTH,A,2012,1.013890717,
SWE,TRADEGOODSERV,IMP,AGRWTH,A,2013,-0.199830002,
SWE,TRADEGOODSERV,IMP,AGRWTH,A,2014,6.383569597,
SWE,TRADEGOODSERV,IMP,AGRWTH,A,2015,6.060830727,
SWE,TRADEGOODSERV,IMP,AGRWTH,A,2016,4.469800124,
SWE,TRADEGOODSERV,IMP,AGRWTH,A,2017,4.72878068,
SWE,TRADEGOODSERV,IMP,AGRWTH,A,2018,3.823845708,
SWE,TRADEGOODSERV,IMP,AGRWTH,A,2019,2.12905361,
SWE,TRADEGOODSERV,IMP,AGRWTH,A,2020,-6.048838927,
EST,TRADEGOODSERV,IMP,AGRWTH,A,1995,5.341708482,E
EST,TRADEGOODSERV,IMP,AGRWTH,A,1996,7.852704933,
EST,TRADEGOODSERV,IMP,AGRWTH,A,1997,29.40302199,
EST,TRADEGOODSERV,IMP,AGRWTH,A,1998,12.99191948,
EST,TRADEGOODSERV,IMP,AGRWTH,A,1999,-5.729341259,
EST,TRADEGOODSERV,IMP,AGRWTH,A,2000,-5.352183679,
EST,TRADEGOODSERV,IMP,AGRWTH,A,2001,12.3654391,
EST,TRADEGOODSERV,IMP,AGRWTH,A,2002,13.28606809,
EST,TRADEGOODSERV,IMP,AGRWTH,A,2003,14.00283637,
EST,TRADEGOODSERV,IMP,AGRWTH,A,2004,16.13579232,
EST,TRADEGOODSERV,IMP,AGRWTH,A,2005,16.69934899,
EST,TRADEGOODSERV,IMP,AGRWTH,A,2006,20.70275277,
EST,TRADEGOODSERV,IMP,AGRWTH,A,2007,12.98195254,
EST,TRADEGOODSERV,IMP,AGRWTH,A,2008,-6.157833786,
EST,TRADEGOODSERV,IMP,AGRWTH,A,2009,-30.60556123,
EST,TRADEGOODSERV,IMP,AGRWTH,A,2010,21.25693249,
EST,TRADEGOODSERV,IMP,AGRWTH,A,2011,27.18832509,
EST,TRADEGOODSERV,IMP,AGRWTH,A,2012,9.688149602,
EST,TRADEGOODSERV,IMP,AGRWTH,A,2013,2.445979572,
EST,TRADEGOODSERV,IMP,AGRWTH,A,2014,3.046873536,
EST,TRADEGOODSERV,IMP,AGRWTH,A,2015,-1.887087788,
EST,TRADEGOODSERV,IMP,AGRWTH,A,2016,6.497250841,
EST,TRADEGOODSERV,IMP,AGRWTH,A,2017,3.990951146,
EST,TRADEGOODSERV,IMP,AGRWTH,A,2018,5.927416798,
EST,TRADEGOODSERV,IMP,AGRWTH,A,2019,3.82076634,
EST,TRADEGOODSERV,IMP,AGRWTH,A,2020,0.433313395,
HUN,TRADEGOODSERV,IMP,AGRWTH,A,1995,15.05185869,E
HUN,TRADEGOODSERV,IMP,AGRWTH,A,1996,7.045693514,
HUN,TRADEGOODSERV,IMP,AGRWTH,A,1997,24.02510372,
HUN,TRADEGOODSERV,IMP,AGRWTH,A,1998,22.57416413,
HUN,TRADEGOODSERV,IMP,AGRWTH,A,1999,13.26215975,
HUN,TRADEGOODSERV,IMP,AGRWTH,A,2000,23.18038589,
HUN,TRADEGOODSERV,IMP,AGRWTH,A,2001,5.849452526,
HUN,TRADEGOODSERV,IMP,AGRWTH,A,2002,8.678166199,
HUN,TRADEGOODSERV,IMP,AGRWTH,A,2003,9.435504413,
HUN,TRADEGOODSERV,IMP,AGRWTH,A,2004,17.99663979,
HUN,TRADEGOODSERV,IMP,AGRWTH,A,2005,8.039777133,
HUN,TRADEGOODSERV,IMP,AGRWTH,A,2006,15.11451821,
HUN,TRADEGOODSERV,IMP,AGRWTH,A,2007,14.14624429,
HUN,TRADEGOODSERV,IMP,AGRWTH,A,2008,5.892828775,
HUN,TRADEGOODSERV,IMP,AGRWTH,A,2009,-14.18679001,
HUN,TRADEGOODSERV,IMP,AGRWTH,A,2010,9.744586917,
HUN,TRADEGOODSERV,IMP,AGRWTH,A,2011,4.05437017,
HUN,TRADEGOODSERV,IMP,AGRWTH,A,2012,-3.14071018,
HUN,TRADEGOODSERV,IMP,AGRWTH,A,2013,4.115932861,
HUN,TRADEGOODSERV,IMP,AGRWTH,A,2014,10.90108093,
HUN,TRADEGOODSERV,IMP,AGRWTH,A,2015,5.676976572,
HUN,TRADEGOODSERV,IMP,AGRWTH,A,2016,3.470685093,
HUN,TRADEGOODSERV,IMP,AGRWTH,A,2017,8.396545906,
HUN,TRADEGOODSERV,IMP,AGRWTH,A,2018,6.963504261,
HUN,TRADEGOODSERV,IMP,AGRWTH,A,2019,8.206039597,
HUN,TRADEGOODSERV,IMP,AGRWTH,A,2020,-3.854688772,
DNK,TRADEGOODSERV,IMP,AGRWTH,A,1995,6.805663689,
DNK,TRADEGOODSERV,IMP,AGRWTH,A,1996,3.13146161,
DNK,TRADEGOODSERV,IMP,AGRWTH,A,1997,9.241918542,
DNK,TRADEGOODSERV,IMP,AGRWTH,A,1998,7.581065511,
DNK,TRADEGOODSERV,IMP,AGRWTH,A,1999,2.547456191,
DNK,TRADEGOODSERV,IMP,AGRWTH,A,2000,13.7099288,
DNK,TRADEGOODSERV,IMP,AGRWTH,A,2001,2.400200895,
DNK,TRADEGOODSERV,IMP,AGRWTH,A,2002,6.371917996,
DNK,TRADEGOODSERV,IMP,AGRWTH,A,2003,-1.03231218,
DNK,TRADEGOODSERV,IMP,AGRWTH,A,2004,7.153290289,
DNK,TRADEGOODSERV,IMP,AGRWTH,A,2005,11.40134819,
DNK,TRADEGOODSERV,IMP,AGRWTH,A,2006,13.96515647,
DNK,TRADEGOODSERV,IMP,AGRWTH,A,2007,5.837965706,
DNK,TRADEGOODSERV,IMP,AGRWTH,A,2008,4.770228476,
DNK,TRADEGOODSERV,IMP,AGRWTH,A,2009,-11.94357912,
DNK,TRADEGOODSERV,IMP,AGRWTH,A,2010,0.54066468,
DNK,TRADEGOODSERV,IMP,AGRWTH,A,2011,7.443614175,
DNK,TRADEGOODSERV,IMP,AGRWTH,A,2012,2.708967109,
DNK,TRADEGOODSERV,IMP,AGRWTH,A,2013,1.470654396,
DNK,TRADEGOODSERV,IMP,AGRWTH,A,2014,3.89670528,
DNK,TRADEGOODSERV,IMP,AGRWTH,A,2015,4.560764184,
DNK,TRADEGOODSERV,IMP,AGRWTH,A,2016,3.662224706,
DNK,TRADEGOODSERV,IMP,AGRWTH,A,2017,4.183152077,
DNK,TRADEGOODSERV,IMP,AGRWTH,A,2018,5.092489066,
DNK,TRADEGOODSERV,IMP,AGRWTH,A,2019,3.010683301,
DNK,TRADEGOODSERV,IMP,AGRWTH,A,2020,-3.551957769,
LUX,TRADEGOODSERV,IMP,AGRWTH,A,1995,4.235224275,E
LUX,TRADEGOODSERV,IMP,AGRWTH,A,1996,7.812916004,
LUX,TRADEGOODSERV,IMP,AGRWTH,A,1997,16.02120992,
LUX,TRADEGOODSERV,IMP,AGRWTH,A,1998,17.38892036,
LUX,TRADEGOODSERV,IMP,AGRWTH,A,1999,13.16452171,
LUX,TRADEGOODSERV,IMP,AGRWTH,A,2000,16.87834981,
LUX,TRADEGOODSERV,IMP,AGRWTH,A,2001,6.830035425,
LUX,TRADEGOODSERV,IMP,AGRWTH,A,2002,-1.488938671,
LUX,TRADEGOODSERV,IMP,AGRWTH,A,2003,3.643466993,
LUX,TRADEGOODSERV,IMP,AGRWTH,A,2004,9.095359087,
LUX,TRADEGOODSERV,IMP,AGRWTH,A,2005,6.14767862,
LUX,TRADEGOODSERV,IMP,AGRWTH,A,2006,11.49164141,
LUX,TRADEGOODSERV,IMP,AGRWTH,A,2007,2.563602841,
LUX,TRADEGOODSERV,IMP,AGRWTH,A,2008,2.180578269,
LUX,TRADEGOODSERV,IMP,AGRWTH,A,2009,-9.073442642,
LUX,TRADEGOODSERV,IMP,AGRWTH,A,2010,14.25311677,
LUX,TRADEGOODSERV,IMP,AGRWTH,A,2011,6.745900027,
LUX,TRADEGOODSERV,IMP,AGRWTH,A,2012,1.760359091,
LUX,TRADEGOODSERV,IMP,AGRWTH,A,2013,6.229425302,
LUX,TRADEGOODSERV,IMP,AGRWTH,A,2014,8.236166684,
LUX,TRADEGOODSERV,IMP,AGRWTH,A,2015,5.707649672,
LUX,TRADEGOODSERV,IMP,AGRWTH,A,2016,3.751992726,
LUX,TRADEGOODSERV,IMP,AGRWTH,A,2017,0.75352596,
LUX,TRADEGOODSERV,IMP,AGRWTH,A,2018,3.711203579,
LUX,TRADEGOODSERV,IMP,AGRWTH,A,2019,5.67928371,
LUX,TRADEGOODSERV,IMP,AGRWTH,A,2020,-0.412415256,
GBR,TRADEGOODSERV,IMP,AGRWTH,A,1995,5.54325933,E
GBR,TRADEGOODSERV,IMP,AGRWTH,A,1996,9.241369371,
GBR,TRADEGOODSERV,IMP,AGRWTH,A,1997,10.24950341,
GBR,TRADEGOODSERV,IMP,AGRWTH,A,1998,9.075255378,
GBR,TRADEGOODSERV,IMP,AGRWTH,A,1999,7.883765581,
GBR,TRADEGOODSERV,IMP,AGRWTH,A,2000,8.628272961,
GBR,TRADEGOODSERV,IMP,AGRWTH,A,2001,6.451814231,
GBR,TRADEGOODSERV,IMP,AGRWTH,A,2002,5.642807064,
GBR,TRADEGOODSERV,IMP,AGRWTH,A,2003,2.601444785,
GBR,TRADEGOODSERV,IMP,AGRWTH,A,2004,6.730868917,
GBR,TRADEGOODSERV,IMP,AGRWTH,A,2005,7.074606128,
GBR,TRADEGOODSERV,IMP,AGRWTH,A,2006,10.53878163,
GBR,TRADEGOODSERV,IMP,AGRWTH,A,2007,-1.810140426,
GBR,TRADEGOODSERV,IMP,AGRWTH,A,2008,-1.840603384,
GBR,TRADEGOODSERV,IMP,AGRWTH,A,2009,-7.411801945,
GBR,TRADEGOODSERV,IMP,AGRWTH,A,2010,8.275422238,
GBR,TRADEGOODSERV,IMP,AGRWTH,A,2011,2.622856985,
GBR,TRADEGOODSERV,IMP,AGRWTH,A,2012,1.966929956,
GBR,TRADEGOODSERV,IMP,AGRWTH,A,2013,3.483189289,
GBR,TRADEGOODSERV,IMP,AGRWTH,A,2014,4.927002943,
GBR,TRADEGOODSERV,IMP,AGRWTH,A,2015,4.953384783,
GBR,TRADEGOODSERV,IMP,AGRWTH,A,2016,3.978551897,
GBR,TRADEGOODSERV,IMP,AGRWTH,A,2017,3.341905759,
GBR,TRADEGOODSERV,IMP,AGRWTH,A,2018,3.337296012,
GBR,TRADEGOODSERV,IMP,AGRWTH,A,2019,2.602996646,
GBR,TRADEGOODSERV,IMP,AGRWTH,A,2020,-16.04915453,
AUT,TRADEGOODSERV,IMP,AGRWTH,A,1995,5.904883257,E
AUT,TRADEGOODSERV,IMP,AGRWTH,A,1996,4.170879275,
AUT,TRADEGOODSERV,IMP,AGRWTH,A,1997,7.270200711,
AUT,TRADEGOODSERV,IMP,AGRWTH,A,1998,5.757657249,
AUT,TRADEGOODSERV,IMP,AGRWTH,A,1999,4.06380707,
AUT,TRADEGOODSERV,IMP,AGRWTH,A,2000,10.18626733,
AUT,TRADEGOODSERV,IMP,AGRWTH,A,2001,5.192321794,
AUT,TRADEGOODSERV,IMP,AGRWTH,A,2002,0.290822726,
AUT,TRADEGOODSERV,IMP,AGRWTH,A,2003,3.507412996,
AUT,TRADEGOODSERV,IMP,AGRWTH,A,2004,7.975144598,
AUT,TRADEGOODSERV,IMP,AGRWTH,A,2005,5.455040639,
AUT,TRADEGOODSERV,IMP,AGRWTH,A,2006,5.854556834,
AUT,TRADEGOODSERV,IMP,AGRWTH,A,2007,5.63498584,
AUT,TRADEGOODSERV,IMP,AGRWTH,A,2008,0.954256343,
AUT,TRADEGOODSERV,IMP,AGRWTH,A,2009,-11.89921767,
AUT,TRADEGOODSERV,IMP,AGRWTH,A,2010,11.96951586,
AUT,TRADEGOODSERV,IMP,AGRWTH,A,2011,5.954271602,
AUT,TRADEGOODSERV,IMP,AGRWTH,A,2012,0.923627412,
AUT,TRADEGOODSERV,IMP,AGRWTH,A,2013,0.694051634,
AUT,TRADEGOODSERV,IMP,AGRWTH,A,2014,2.956619555,
AUT,TRADEGOODSERV,IMP,AGRWTH,A,2015,3.630202134,
AUT,TRADEGOODSERV,IMP,AGRWTH,A,2016,3.725740615,
AUT,TRADEGOODSERV,IMP,AGRWTH,A,2017,5.289217846,
AUT,TRADEGOODSERV,IMP,AGRWTH,A,2018,5.347690212,
AUT,TRADEGOODSERV,IMP,AGRWTH,A,2019,2.087125519,
AUT,TRADEGOODSERV,IMP,AGRWTH,A,2020,-9.229351165,
FRA,TRADEGOODSERV,IMP,AGRWTH,A,1995,7.522724546,
FRA,TRADEGOODSERV,IMP,AGRWTH,A,1996,2.445829395,
FRA,TRADEGOODSERV,IMP,AGRWTH,A,1997,7.975597966,
FRA,TRADEGOODSERV,IMP,AGRWTH,A,1998,11.90040798,
FRA,TRADEGOODSERV,IMP,AGRWTH,A,1999,6.950599996,
FRA,TRADEGOODSERV,IMP,AGRWTH,A,2000,15.35348852,
FRA,TRADEGOODSERV,IMP,AGRWTH,A,2001,2.381768021,
FRA,TRADEGOODSERV,IMP,AGRWTH,A,2002,1.945585181,
FRA,TRADEGOODSERV,IMP,AGRWTH,A,2003,0.893617114,
FRA,TRADEGOODSERV,IMP,AGRWTH,A,2004,6.203819971,
FRA,TRADEGOODSERV,IMP,AGRWTH,A,2005,6.320284087,
FRA,TRADEGOODSERV,IMP,AGRWTH,A,2006,5.600583874,
FRA,TRADEGOODSERV,IMP,AGRWTH,A,2007,5.755701866,
FRA,TRADEGOODSERV,IMP,AGRWTH,A,2008,1.295002631,
FRA,TRADEGOODSERV,IMP,AGRWTH,A,2009,-9.35456268,
FRA,TRADEGOODSERV,IMP,AGRWTH,A,2010,8.892522542,
FRA,TRADEGOODSERV,IMP,AGRWTH,A,2011,5.837368308,
FRA,TRADEGOODSERV,IMP,AGRWTH,A,2012,0.200223626,
FRA,TRADEGOODSERV,IMP,AGRWTH,A,2013,2.418481082,
FRA,TRADEGOODSERV,IMP,AGRWTH,A,2014,4.898686367,
FRA,TRADEGOODSERV,IMP,AGRWTH,A,2015,5.898053709,
FRA,TRADEGOODSERV,IMP,AGRWTH,A,2016,2.928765311,
FRA,TRADEGOODSERV,IMP,AGRWTH,A,2017,4.486842105,
FRA,TRADEGOODSERV,IMP,AGRWTH,A,2018,3.079156145,
FRA,TRADEGOODSERV,IMP,AGRWTH,A,2019,2.344320649,
FRA,TRADEGOODSERV,IMP,AGRWTH,A,2020,-12.78739568,
FIN,TRADEGOODSERV,IMP,AGRWTH,A,1995,8.189025662,
FIN,TRADEGOODSERV,IMP,AGRWTH,A,1996,7.23491788,
FIN,TRADEGOODSERV,IMP,AGRWTH,A,1997,11.88106942,
FIN,TRADEGOODSERV,IMP,AGRWTH,A,1998,8.473531933,
FIN,TRADEGOODSERV,IMP,AGRWTH,A,1999,4.287372503,
FIN,TRADEGOODSERV,IMP,AGRWTH,A,2000,14.86252871,
FIN,TRADEGOODSERV,IMP,AGRWTH,A,2001,1.383419582,
FIN,TRADEGOODSERV,IMP,AGRWTH,A,2002,4.292919022,
FIN,TRADEGOODSERV,IMP,AGRWTH,A,2003,4.108413766,
FIN,TRADEGOODSERV,IMP,AGRWTH,A,2004,8.124812706,
FIN,TRADEGOODSERV,IMP,AGRWTH,A,2005,11.18136151,
FIN,TRADEGOODSERV,IMP,AGRWTH,A,2006,6.590324842,
FIN,TRADEGOODSERV,IMP,AGRWTH,A,2007,7.381422203,
FIN,TRADEGOODSERV,IMP,AGRWTH,A,2008,7.965697951,
FIN,TRADEGOODSERV,IMP,AGRWTH,A,2009,-16.99761716,
FIN,TRADEGOODSERV,IMP,AGRWTH,A,2010,6.303637883,
FIN,TRADEGOODSERV,IMP,AGRWTH,A,2011,6.207044367,
FIN,TRADEGOODSERV,IMP,AGRWTH,A,2012,1.123383874,
FIN,TRADEGOODSERV,IMP,AGRWTH,A,2013,0.125059869,
FIN,TRADEGOODSERV,IMP,AGRWTH,A,2014,-0.896914614,
FIN,TRADEGOODSERV,IMP,AGRWTH,A,2015,1.962913801,
FIN,TRADEGOODSERV,IMP,AGRWTH,A,2016,5.721461728,
FIN,TRADEGOODSERV,IMP,AGRWTH,A,2017,4.313540138,
FIN,TRADEGOODSERV,IMP,AGRWTH,A,2018,5.730570195,
FIN,TRADEGOODSERV,IMP,AGRWTH,A,2019,2.362639841,
FIN,TRADEGOODSERV,IMP,AGRWTH,A,2020,-6.15752421,
RUS,TRADEGOODSERV,IMP,AGRWTH,A,1996,1.299998338,E
RUS,TRADEGOODSERV,IMP,AGRWTH,A,1997,0.399999096,E
RUS,TRADEGOODSERV,IMP,AGRWTH,A,1998,-17.39999917,E
RUS,TRADEGOODSERV,IMP,AGRWTH,A,1999,-16.99999861,E
RUS,TRADEGOODSERV,IMP,AGRWTH,A,2000,32.40000193,E
RUS,TRADEGOODSERV,IMP,AGRWTH,A,2001,18.70000282,E
RUS,TRADEGOODSERV,IMP,AGRWTH,A,2002,14.59999973,E
RUS,TRADEGOODSERV,IMP,AGRWTH,A,2003,17.27890774,E
RUS,TRADEGOODSERV,IMP,AGRWTH,A,2004,23.25899213,E
RUS,TRADEGOODSERV,IMP,AGRWTH,A,2005,16.63216028,E
RUS,TRADEGOODSERV,IMP,AGRWTH,A,2006,21.27409626,E
RUS,TRADEGOODSERV,IMP,AGRWTH,A,2007,26.2047836,E
RUS,TRADEGOODSERV,IMP,AGRWTH,A,2008,14.77072872,E
RUS,TRADEGOODSERV,IMP,AGRWTH,A,2009,-30.41963787,E
RUS,TRADEGOODSERV,IMP,AGRWTH,A,2010,25.81346631,E
RUS,TRADEGOODSERV,IMP,AGRWTH,A,2011,20.28676771,E
RUS,TRADEGOODSERV,IMP,AGRWTH,A,2012,9.681110114,
RUS,TRADEGOODSERV,IMP,AGRWTH,A,2013,3.539253766,
RUS,TRADEGOODSERV,IMP,AGRWTH,A,2014,-7.260602723,
RUS,TRADEGOODSERV,IMP,AGRWTH,A,2015,-25.03888713,
RUS,TRADEGOODSERV,IMP,AGRWTH,A,2016,-3.671993765,
RUS,TRADEGOODSERV,IMP,AGRWTH,A,2017,17.31510273,
RUS,TRADEGOODSERV,IMP,AGRWTH,A,2018,2.65711173,
RUS,TRADEGOODSERV,IMP,AGRWTH,A,2019,3.412232317,
USA,TRADEGOODSERV,IMP,AGRWTH,A,1995,8.00090745,
USA,TRADEGOODSERV,IMP,AGRWTH,A,1996,8.696410008,
USA,TRADEGOODSERV,IMP,AGRWTH,A,1997,13.46748462,
USA,TRADEGOODSERV,IMP,AGRWTH,A,1998,11.68871076,
USA,TRADEGOODSERV,IMP,AGRWTH,A,1999,11.59418127,
USA,TRADEGOODSERV,IMP,AGRWTH,A,2000,12.99971101,
USA,TRADEGOODSERV,IMP,AGRWTH,A,2001,-2.461285605,
USA,TRADEGOODSERV,IMP,AGRWTH,A,2002,3.669527297,
USA,TRADEGOODSERV,IMP,AGRWTH,A,2003,5.124477179,
USA,TRADEGOODSERV,IMP,AGRWTH,A,2004,10.98144119,
USA,TRADEGOODSERV,IMP,AGRWTH,A,2005,6.491297248,
USA,TRADEGOODSERV,IMP,AGRWTH,A,2006,6.420258963,
USA,TRADEGOODSERV,IMP,AGRWTH,A,2007,2.563261737,
USA,TRADEGOODSERV,IMP,AGRWTH,A,2008,-2.147050479,
USA,TRADEGOODSERV,IMP,AGRWTH,A,2009,-12.60976745,
USA,TRADEGOODSERV,IMP,AGRWTH,A,2010,13.17348846,
USA,TRADEGOODSERV,IMP,AGRWTH,A,2011,4.816005944,
USA,TRADEGOODSERV,IMP,AGRWTH,A,2012,2.44800129,
USA,TRADEGOODSERV,IMP,AGRWTH,A,2013,1.213006673,
USA,TRADEGOODSERV,IMP,AGRWTH,A,2014,5.160460079,
USA,TRADEGOODSERV,IMP,AGRWTH,A,2015,5.186371606,
USA,TRADEGOODSERV,IMP,AGRWTH,A,2016,1.451672885,
USA,TRADEGOODSERV,IMP,AGRWTH,A,2017,4.508348776,
USA,TRADEGOODSERV,IMP,AGRWTH,A,2018,4.205080374,
USA,TRADEGOODSERV,IMP,AGRWTH,A,2019,1.144719161,
USA,TRADEGOODSERV,IMP,AGRWTH,A,2020,-8.95776552,
NZL,TRADEGOODSERV,IMP,AGRWTH,A,1995,6.295487627,
NZL,TRADEGOODSERV,IMP,AGRWTH,A,1996,6.326600479,
NZL,TRADEGOODSERV,IMP,AGRWTH,A,1997,0.933736879,
NZL,TRADEGOODSERV,IMP,AGRWTH,A,1998,3.138956233,
NZL,TRADEGOODSERV,IMP,AGRWTH,A,1999,9.244711122,
NZL,TRADEGOODSERV,IMP,AGRWTH,A,2000,1.118314883,
NZL,TRADEGOODSERV,IMP,AGRWTH,A,2001,4.272594915,
NZL,TRADEGOODSERV,IMP,AGRWTH,A,2002,7.357284786,
NZL,TRADEGOODSERV,IMP,AGRWTH,A,2003,13.16592467,
NZL,TRADEGOODSERV,IMP,AGRWTH,A,2004,13.36471732,
NZL,TRADEGOODSERV,IMP,AGRWTH,A,2005,4.870060242,
NZL,TRADEGOODSERV,IMP,AGRWTH,A,2006,-1.6712833,
NZL,TRADEGOODSERV,IMP,AGRWTH,A,2007,10.5460183,
NZL,TRADEGOODSERV,IMP,AGRWTH,A,2008,-3.165726013,
NZL,TRADEGOODSERV,IMP,AGRWTH,A,2009,-9.359049082,
NZL,TRADEGOODSERV,IMP,AGRWTH,A,2010,11.49454404,
NZL,TRADEGOODSERV,IMP,AGRWTH,A,2011,6.572991489,
NZL,TRADEGOODSERV,IMP,AGRWTH,A,2012,1.32666448,
NZL,TRADEGOODSERV,IMP,AGRWTH,A,2013,8.127660263,
NZL,TRADEGOODSERV,IMP,AGRWTH,A,2014,7.419436919,
NZL,TRADEGOODSERV,IMP,AGRWTH,A,2015,2.273993981,
NZL,TRADEGOODSERV,IMP,AGRWTH,A,2016,5.192098093,
NZL,TRADEGOODSERV,IMP,AGRWTH,A,2017,7.226949528,
NZL,TRADEGOODSERV,IMP,AGRWTH,A,2018,3.938833931,E
NZL,TRADEGOODSERV,IMP,AGRWTH,A,2019,1.035420443,E
NZL,TRADEGOODSERV,IMP,AGRWTH,A,2020,-15.90927389,E
JPN,TRADEGOODSERV,IMP,AGRWTH,A,1995,12.9907016,
JPN,TRADEGOODSERV,IMP,AGRWTH,A,1996,11.7673681,
JPN,TRADEGOODSERV,IMP,AGRWTH,A,1997,0.511726863,
JPN,TRADEGOODSERV,IMP,AGRWTH,A,1998,-6.803898397,
JPN,TRADEGOODSERV,IMP,AGRWTH,A,1999,3.702456236,
JPN,TRADEGOODSERV,IMP,AGRWTH,A,2000,9.562400674,
JPN,TRADEGOODSERV,IMP,AGRWTH,A,2001,1.16294738,
JPN,TRADEGOODSERV,IMP,AGRWTH,A,2002,0.78727942,
JPN,TRADEGOODSERV,IMP,AGRWTH,A,2003,3.393965213,
JPN,TRADEGOODSERV,IMP,AGRWTH,A,2004,8.50406015,
JPN,TRADEGOODSERV,IMP,AGRWTH,A,2005,5.945933211,
JPN,TRADEGOODSERV,IMP,AGRWTH,A,2006,4.704135626,
JPN,TRADEGOODSERV,IMP,AGRWTH,A,2007,2.270819174,
JPN,TRADEGOODSERV,IMP,AGRWTH,A,2008,0.732843712,
JPN,TRADEGOODSERV,IMP,AGRWTH,A,2009,-15.56032021,
JPN,TRADEGOODSERV,IMP,AGRWTH,A,2010,11.28551363,
JPN,TRADEGOODSERV,IMP,AGRWTH,A,2011,5.727995086,
JPN,TRADEGOODSERV,IMP,AGRWTH,A,2012,5.453191658,
JPN,TRADEGOODSERV,IMP,AGRWTH,A,2013,3.16904343,
JPN,TRADEGOODSERV,IMP,AGRWTH,A,2014,8.124892011,
JPN,TRADEGOODSERV,IMP,AGRWTH,A,2015,0.439964097,
JPN,TRADEGOODSERV,IMP,AGRWTH,A,2016,-1.175364557,
JPN,TRADEGOODSERV,IMP,AGRWTH,A,2017,3.306787319,
JPN,TRADEGOODSERV,IMP,AGRWTH,A,2018,3.813561895,
JPN,TRADEGOODSERV,IMP,AGRWTH,A,2019,0.988306807,
JPN,TRADEGOODSERV,IMP,AGRWTH,A,2020,-6.751026751,
ISR,TRADEGOODSERV,IMP,AGRWTH,A,1995,7.749175577,E
ISR,TRADEGOODSERV,IMP,AGRWTH,A,1996,7.191789995,
ISR,TRADEGOODSERV,IMP,AGRWTH,A,1997,4.194100027,
ISR,TRADEGOODSERV,IMP,AGRWTH,A,1998,2.119239991,
ISR,TRADEGOODSERV,IMP,AGRWTH,A,1999,15.54800004,
ISR,TRADEGOODSERV,IMP,AGRWTH,A,2000,11.95921998,
ISR,TRADEGOODSERV,IMP,AGRWTH,A,2001,-5.44141001,
ISR,TRADEGOODSERV,IMP,AGRWTH,A,2002,-1.245099989,
ISR,TRADEGOODSERV,IMP,AGRWTH,A,2003,-0.78463003,
ISR,TRADEGOODSERV,IMP,AGRWTH,A,2004,11.84649004,
ISR,TRADEGOODSERV,IMP,AGRWTH,A,2005,3.487019977,
ISR,TRADEGOODSERV,IMP,AGRWTH,A,2006,3.419890027,
ISR,TRADEGOODSERV,IMP,AGRWTH,A,2007,11.12552997,
ISR,TRADEGOODSERV,IMP,AGRWTH,A,2008,2.47108001,
ISR,TRADEGOODSERV,IMP,AGRWTH,A,2009,-13.76442,
ISR,TRADEGOODSERV,IMP,AGRWTH,A,2010,15.03209002,
ISR,TRADEGOODSERV,IMP,AGRWTH,A,2011,11.25242,
ISR,TRADEGOODSERV,IMP,AGRWTH,A,2012,2.14028998,
ISR,TRADEGOODSERV,IMP,AGRWTH,A,2013,0.967460011,
ISR,TRADEGOODSERV,IMP,AGRWTH,A,2014,2.27642001,
ISR,TRADEGOODSERV,IMP,AGRWTH,A,2015,-0.212200013,
ISR,TRADEGOODSERV,IMP,AGRWTH,A,2016,9.997484236,
ISR,TRADEGOODSERV,IMP,AGRWTH,A,2017,4.392990007,
ISR,TRADEGOODSERV,IMP,AGRWTH,A,2018,7.151849992,
ISR,TRADEGOODSERV,IMP,AGRWTH,A,2019,3.160570003,
ISR,TRADEGOODSERV,IMP,AGRWTH,A,2020,-8.14861001,
GRC,TRADEGOODSERV,IMP,AGRWTH,A,1995,8.945000222,E
GRC,TRADEGOODSERV,IMP,AGRWTH,A,1996,9.936284274,
GRC,TRADEGOODSERV,IMP,AGRWTH,A,1997,8.437792675,
GRC,TRADEGOODSERV,IMP,AGRWTH,A,1998,18.16182876,
GRC,TRADEGOODSERV,IMP,AGRWTH,A,1999,14.48626828,
GRC,TRADEGOODSERV,IMP,AGRWTH,A,2000,20.18010733,
GRC,TRADEGOODSERV,IMP,AGRWTH,A,2001,0.991431948,
GRC,TRADEGOODSERV,IMP,AGRWTH,A,2002,-3.432186913,
GRC,TRADEGOODSERV,IMP,AGRWTH,A,2003,7.39344364,
GRC,TRADEGOODSERV,IMP,AGRWTH,A,2004,4.417603529,
GRC,TRADEGOODSERV,IMP,AGRWTH,A,2005,0.854105325,
GRC,TRADEGOODSERV,IMP,AGRWTH,A,2006,13.3097813,
GRC,TRADEGOODSERV,IMP,AGRWTH,A,2007,15.4994185,
GRC,TRADEGOODSERV,IMP,AGRWTH,A,2008,1.320712932,
GRC,TRADEGOODSERV,IMP,AGRWTH,A,2009,-20.35391382,
GRC,TRADEGOODSERV,IMP,AGRWTH,A,2010,-3.430611176,B
GRC,TRADEGOODSERV,IMP,AGRWTH,A,2011,-9.594900515,B
GRC,TRADEGOODSERV,IMP,AGRWTH,A,2012,-5.511402675,
GRC,TRADEGOODSERV,IMP,AGRWTH,A,2013,-3.477624338,
GRC,TRADEGOODSERV,IMP,AGRWTH,A,2014,6.746019669,
GRC,TRADEGOODSERV,IMP,AGRWTH,A,2015,7.850899934,
GRC,TRADEGOODSERV,IMP,AGRWTH,A,2016,2.155817463,
GRC,TRADEGOODSERV,IMP,AGRWTH,A,2017,7.374129023,
GRC,TRADEGOODSERV,IMP,AGRWTH,A,2018,8.099445166,
GRC,TRADEGOODSERV,IMP,AGRWTH,A,2019,2.9008605,
GRC,TRADEGOODSERV,IMP,AGRWTH,A,2020,-7.269843803,E
TUR,TRADEGOODSERV,IMP,AGRWTH,A,1995,29.58432511,E
TUR,TRADEGOODSERV,IMP,AGRWTH,A,1996,20.52405605,E
TUR,TRADEGOODSERV,IMP,AGRWTH,A,1997,22.43824675,E
TUR,TRADEGOODSERV,IMP,AGRWTH,A,1998,2.334213621,E
TUR,TRADEGOODSERV,IMP,AGRWTH,A,1999,-3.408019732,
TUR,TRADEGOODSERV,IMP,AGRWTH,A,2000,21.70923817,
TUR,TRADEGOODSERV,IMP,AGRWTH,A,2001,-24.03027757,
TUR,TRADEGOODSERV,IMP,AGRWTH,A,2002,21.13008424,
TUR,TRADEGOODSERV,IMP,AGRWTH,A,2003,23.24930699,
TUR,TRADEGOODSERV,IMP,AGRWTH,A,2004,21.2314666,
TUR,TRADEGOODSERV,IMP,AGRWTH,A,2005,12.1421163,
TUR,TRADEGOODSERV,IMP,AGRWTH,A,2006,7.23916656,
TUR,TRADEGOODSERV,IMP,AGRWTH,A,2007,9.641389419,
TUR,TRADEGOODSERV,IMP,AGRWTH,A,2008,-2.760216006,
TUR,TRADEGOODSERV,IMP,AGRWTH,A,2009,-14.66170066,
TUR,TRADEGOODSERV,IMP,AGRWTH,A,2010,19.36516592,
TUR,TRADEGOODSERV,IMP,AGRWTH,A,2011,14.97768723,
TUR,TRADEGOODSERV,IMP,AGRWTH,A,2012,0.618577505,
TUR,TRADEGOODSERV,IMP,AGRWTH,A,2013,10.92074385,
TUR,TRADEGOODSERV,IMP,AGRWTH,A,2014,0.299315056,
TUR,TRADEGOODSERV,IMP,AGRWTH,A,2015,0.662400774,
TUR,TRADEGOODSERV,IMP,AGRWTH,A,2016,2.995930865,
TUR,TRADEGOODSERV,IMP,AGRWTH,A,2017,10.63507618,
TUR,TRADEGOODSERV,IMP,AGRWTH,A,2018,-6.181933109,
TUR,TRADEGOODSERV,IMP,AGRWTH,A,2019,-5.044246291,
TUR,TRADEGOODSERV,IMP,AGRWTH,A,2020,6.708105878,
CZE,TRADEGOODSERV,IMP,AGRWTH,A,1995,23.51097316,E
CZE,TRADEGOODSERV,IMP,AGRWTH,A,1996,11.77088765,
CZE,TRADEGOODSERV,IMP,AGRWTH,A,1997,5.852612797,
CZE,TRADEGOODSERV,IMP,AGRWTH,A,1998,5.571388167,
CZE,TRADEGOODSERV,IMP,AGRWTH,A,1999,5.187957062,
CZE,TRADEGOODSERV,IMP,AGRWTH,A,2000,14.35826361,
CZE,TRADEGOODSERV,IMP,AGRWTH,A,2001,11.34749807,
CZE,TRADEGOODSERV,IMP,AGRWTH,A,2002,4.983597129,
CZE,TRADEGOODSERV,IMP,AGRWTH,A,2003,9.467651661,
CZE,TRADEGOODSERV,IMP,AGRWTH,A,2004,25.58562979,
CZE,TRADEGOODSERV,IMP,AGRWTH,A,2005,12.47955314,
CZE,TRADEGOODSERV,IMP,AGRWTH,A,2006,11.481651,
CZE,TRADEGOODSERV,IMP,AGRWTH,A,2007,12.8786406,
CZE,TRADEGOODSERV,IMP,AGRWTH,A,2008,3.17775325,
CZE,TRADEGOODSERV,IMP,AGRWTH,A,2009,-11.07694313,
CZE,TRADEGOODSERV,IMP,AGRWTH,A,2010,14.81239733,
CZE,TRADEGOODSERV,IMP,AGRWTH,A,2011,6.717164478,
CZE,TRADEGOODSERV,IMP,AGRWTH,A,2012,2.634741766,
CZE,TRADEGOODSERV,IMP,AGRWTH,A,2013,0.061652239,
CZE,TRADEGOODSERV,IMP,AGRWTH,A,2014,10.01733987,
CZE,TRADEGOODSERV,IMP,AGRWTH,A,2015,6.847859166,
CZE,TRADEGOODSERV,IMP,AGRWTH,A,2016,2.829850553,
CZE,TRADEGOODSERV,IMP,AGRWTH,A,2017,6.250556498,
CZE,TRADEGOODSERV,IMP,AGRWTH,A,2018,5.783503867,
CZE,TRADEGOODSERV,IMP,AGRWTH,A,2019,1.545164376,
CZE,TRADEGOODSERV,IMP,AGRWTH,A,2020,-8.195863703,
NLD,TRADEGOODSERV,IMP,AGRWTH,A,1995,10.15872607,E
NLD,TRADEGOODSERV,IMP,AGRWTH,A,1996,5.304570507,
NLD,TRADEGOODSERV,IMP,AGRWTH,A,1997,10.92536706,
NLD,TRADEGOODSERV,IMP,AGRWTH,A,1998,8.339775317,
NLD,TRADEGOODSERV,IMP,AGRWTH,A,1999,9.782613877,
NLD,TRADEGOODSERV,IMP,AGRWTH,A,2000,11.25761181,
NLD,TRADEGOODSERV,IMP,AGRWTH,A,2001,2.473474579,
NLD,TRADEGOODSERV,IMP,AGRWTH,A,2002,0.281251257,
NLD,TRADEGOODSERV,IMP,AGRWTH,A,2003,2.038547488,
NLD,TRADEGOODSERV,IMP,AGRWTH,A,2004,6.366283593,
NLD,TRADEGOODSERV,IMP,AGRWTH,A,2005,5.427500344,
NLD,TRADEGOODSERV,IMP,AGRWTH,A,2006,7.650056355,
NLD,TRADEGOODSERV,IMP,AGRWTH,A,2007,7.813123498,
NLD,TRADEGOODSERV,IMP,AGRWTH,A,2008,-0.700672132,
NLD,TRADEGOODSERV,IMP,AGRWTH,A,2009,-7.806533943,
NLD,TRADEGOODSERV,IMP,AGRWTH,A,2010,8.521722325,
NLD,TRADEGOODSERV,IMP,AGRWTH,A,2011,3.871522145,
NLD,TRADEGOODSERV,IMP,AGRWTH,A,2012,2.184659397,
NLD,TRADEGOODSERV,IMP,AGRWTH,A,2013,2.234700642,
NLD,TRADEGOODSERV,IMP,AGRWTH,A,2014,3.266635806,
NLD,TRADEGOODSERV,IMP,AGRWTH,A,2015,14.5289473,
NLD,TRADEGOODSERV,IMP,AGRWTH,A,2016,-1.977269309,
NLD,TRADEGOODSERV,IMP,AGRWTH,A,2017,6.189873005,
NLD,TRADEGOODSERV,IMP,AGRWTH,A,2018,4.723190522,
NLD,TRADEGOODSERV,IMP,AGRWTH,A,2019,3.233176261,
NLD,TRADEGOODSERV,IMP,AGRWTH,A,2020,-4.754979632,
DEU,TRADEGOODSERV,IMP,AGRWTH,A,1995,6.958250431,
DEU,TRADEGOODSERV,IMP,AGRWTH,A,1996,4.089218402,
DEU,TRADEGOODSERV,IMP,AGRWTH,A,1997,9.209184531,
DEU,TRADEGOODSERV,IMP,AGRWTH,A,1998,9.413686746,
DEU,TRADEGOODSERV,IMP,AGRWTH,A,1999,8.881298817,
DEU,TRADEGOODSERV,IMP,AGRWTH,A,2000,10.78431373,
DEU,TRADEGOODSERV,IMP,AGRWTH,A,2001,0.84955782,
DEU,TRADEGOODSERV,IMP,AGRWTH,A,2002,-2.614953492,
DEU,TRADEGOODSERV,IMP,AGRWTH,A,2003,5.640656311,
DEU,TRADEGOODSERV,IMP,AGRWTH,A,2004,7.830093001,
DEU,TRADEGOODSERV,IMP,AGRWTH,A,2005,5.964245866,
DEU,TRADEGOODSERV,IMP,AGRWTH,A,2006,11.15258258,
DEU,TRADEGOODSERV,IMP,AGRWTH,A,2007,6.205506826,
DEU,TRADEGOODSERV,IMP,AGRWTH,A,2008,2.301757728,
DEU,TRADEGOODSERV,IMP,AGRWTH,A,2009,-9.692174183,
DEU,TRADEGOODSERV,IMP,AGRWTH,A,2010,12.8678987,
DEU,TRADEGOODSERV,IMP,AGRWTH,A,2011,7.325651503,
DEU,TRADEGOODSERV,IMP,AGRWTH,A,2012,0.101706978,
DEU,TRADEGOODSERV,IMP,AGRWTH,A,2013,2.675547333,
DEU,TRADEGOODSERV,IMP,AGRWTH,A,2014,3.92523346,
DEU,TRADEGOODSERV,IMP,AGRWTH,A,2015,5.797714957,
DEU,TRADEGOODSERV,IMP,AGRWTH,A,2016,4.489999664,
DEU,TRADEGOODSERV,IMP,AGRWTH,A,2017,5.225380758,
DEU,TRADEGOODSERV,IMP,AGRWTH,A,2018,3.99272366,
DEU,TRADEGOODSERV,IMP,AGRWTH,A,2019,2.859892148,E
DEU,TRADEGOODSERV,IMP,AGRWTH,A,2020,-8.502678319,E
IDN,TRADEGOODSERV,IMP,AGRWTH,A,1995,20.93900796,
IDN,TRADEGOODSERV,IMP,AGRWTH,A,1996,6.864758591,
IDN,TRADEGOODSERV,IMP,AGRWTH,A,1997,14.71597567,
IDN,TRADEGOODSERV,IMP,AGRWTH,A,1998,-5.290133273,
IDN,TRADEGOODSERV,IMP,AGRWTH,A,1999,-40.67523812,
IDN,TRADEGOODSERV,IMP,AGRWTH,A,2000,25.93397024,
IDN,TRADEGOODSERV,IMP,AGRWTH,A,2001,4.179861045,
IDN,TRADEGOODSERV,IMP,AGRWTH,A,2002,-4.24945353,
IDN,TRADEGOODSERV,IMP,AGRWTH,A,2003,1.563733656,
IDN,TRADEGOODSERV,IMP,AGRWTH,A,2004,26.65329213,
IDN,TRADEGOODSERV,IMP,AGRWTH,A,2005,17.76895776,
IDN,TRADEGOODSERV,IMP,AGRWTH,A,2006,8.582669522,
IDN,TRADEGOODSERV,IMP,AGRWTH,A,2007,9.064254323,
IDN,TRADEGOODSERV,IMP,AGRWTH,A,2008,10.00255819,
IDN,TRADEGOODSERV,IMP,AGRWTH,A,2009,-9.274329565,
IDN,TRADEGOODSERV,IMP,AGRWTH,A,2010,16.58465507,
IDN,TRADEGOODSERV,IMP,AGRWTH,A,2011,15.02888271,
IDN,TRADEGOODSERV,IMP,AGRWTH,A,2012,7.998411217,
IDN,TRADEGOODSERV,IMP,AGRWTH,A,2013,1.861896662,
IDN,TRADEGOODSERV,IMP,AGRWTH,A,2014,2.11970235,
IDN,TRADEGOODSERV,IMP,AGRWTH,A,2015,-6.249011052,
IDN,TRADEGOODSERV,IMP,AGRWTH,A,2016,-2.405113085,
IDN,TRADEGOODSERV,IMP,AGRWTH,A,2017,8.067946249,
IDN,TRADEGOODSERV,IMP,AGRWTH,A,2018,12.13601614,
IDN,TRADEGOODSERV,IMP,AGRWTH,A,2019,-7.126940518,
IDN,TRADEGOODSERV,IMP,AGRWTH,A,2020,-17.60495701,
POL,TRADEGOODSERV,IMP,AGRWTH,A,1995,24.2235481,E
POL,TRADEGOODSERV,IMP,AGRWTH,A,1996,27.44792772,
POL,TRADEGOODSERV,IMP,AGRWTH,A,1997,21.18677007,
POL,TRADEGOODSERV,IMP,AGRWTH,A,1998,18.59116317,
POL,TRADEGOODSERV,IMP,AGRWTH,A,1999,1.129123135,
POL,TRADEGOODSERV,IMP,AGRWTH,A,2000,15.44211753,
POL,TRADEGOODSERV,IMP,AGRWTH,A,2001,-5.219990844,
POL,TRADEGOODSERV,IMP,AGRWTH,A,2002,2.710385884,
POL,TRADEGOODSERV,IMP,AGRWTH,A,2003,9.331063222,
POL,TRADEGOODSERV,IMP,AGRWTH,A,2004,8.55852471,
POL,TRADEGOODSERV,IMP,AGRWTH,A,2005,6.307508336,
POL,TRADEGOODSERV,IMP,AGRWTH,A,2006,17.86491299,
POL,TRADEGOODSERV,IMP,AGRWTH,A,2007,15.79659209,
POL,TRADEGOODSERV,IMP,AGRWTH,A,2008,9.457787721,
POL,TRADEGOODSERV,IMP,AGRWTH,A,2009,-12.58709414,
POL,TRADEGOODSERV,IMP,AGRWTH,A,2010,14.29281267,
POL,TRADEGOODSERV,IMP,AGRWTH,A,2011,5.119811779,
POL,TRADEGOODSERV,IMP,AGRWTH,A,2012,-0.670735634,
POL,TRADEGOODSERV,IMP,AGRWTH,A,2013,1.806661307,
POL,TRADEGOODSERV,IMP,AGRWTH,A,2014,9.367455472,
POL,TRADEGOODSERV,IMP,AGRWTH,A,2015,5.577796986,
POL,TRADEGOODSERV,IMP,AGRWTH,A,2016,7.717611243,
POL,TRADEGOODSERV,IMP,AGRWTH,A,2017,9.874844978,
POL,TRADEGOODSERV,IMP,AGRWTH,A,2018,7.52355025,
POL,TRADEGOODSERV,IMP,AGRWTH,A,2019,3.192354067,
POL,TRADEGOODSERV,IMP,AGRWTH,A,2020,-2.4124035,
ZAF,TRADEGOODSERV,IMP,AGRWTH,A,1995,16.79080834,
ZAF,TRADEGOODSERV,IMP,AGRWTH,A,1996,8.710615131,
ZAF,TRADEGOODSERV,IMP,AGRWTH,A,1997,5.385159253,
ZAF,TRADEGOODSERV,IMP,AGRWTH,A,1998,2.013626919,
ZAF,TRADEGOODSERV,IMP,AGRWTH,A,1999,-8.361797656,
ZAF,TRADEGOODSERV,IMP,AGRWTH,A,2000,5.33755159,
ZAF,TRADEGOODSERV,IMP,AGRWTH,A,2001,0.2498892,
ZAF,TRADEGOODSERV,IMP,AGRWTH,A,2002,5.341588908,
ZAF,TRADEGOODSERV,IMP,AGRWTH,A,2003,8.084819505,
ZAF,TRADEGOODSERV,IMP,AGRWTH,A,2004,15.50786897,
ZAF,TRADEGOODSERV,IMP,AGRWTH,A,2005,10.8792596,
ZAF,TRADEGOODSERV,IMP,AGRWTH,A,2006,18.26111496,
ZAF,TRADEGOODSERV,IMP,AGRWTH,A,2007,9.366345355,
ZAF,TRADEGOODSERV,IMP,AGRWTH,A,2008,2.809097336,
ZAF,TRADEGOODSERV,IMP,AGRWTH,A,2009,-17.65993546,
ZAF,TRADEGOODSERV,IMP,AGRWTH,A,2010,10.7937415,
ZAF,TRADEGOODSERV,IMP,AGRWTH,A,2011,11.83845782,
ZAF,TRADEGOODSERV,IMP,AGRWTH,A,2012,3.868340439,
ZAF,TRADEGOODSERV,IMP,AGRWTH,A,2013,4.038730712,
ZAF,TRADEGOODSERV,IMP,AGRWTH,A,2014,-0.687039523,
ZAF,TRADEGOODSERV,IMP,AGRWTH,A,2015,5.044861332,
ZAF,TRADEGOODSERV,IMP,AGRWTH,A,2016,-4.133248423,
ZAF,TRADEGOODSERV,IMP,AGRWTH,A,2017,1.532430598,
ZAF,TRADEGOODSERV,IMP,AGRWTH,A,2018,3.245637154,
ZAF,TRADEGOODSERV,IMP,AGRWTH,A,2019,0.434440413,
ZAF,TRADEGOODSERV,IMP,AGRWTH,A,2020,-17.39942495,
ITA,TRADEGOODSERV,IMP,AGRWTH,A,1995,9.554820252,E
ITA,TRADEGOODSERV,IMP,AGRWTH,A,1996,-1.201260862,
ITA,TRADEGOODSERV,IMP,AGRWTH,A,1997,10.38921187,
ITA,TRADEGOODSERV,IMP,AGRWTH,A,1998,9.035771109,
ITA,TRADEGOODSERV,IMP,AGRWTH,A,1999,4.494825141,
ITA,TRADEGOODSERV,IMP,AGRWTH,A,2000,10.9908182,
ITA,TRADEGOODSERV,IMP,AGRWTH,A,2001,2.430980883,
ITA,TRADEGOODSERV,IMP,AGRWTH,A,2002,0.562751835,
ITA,TRADEGOODSERV,IMP,AGRWTH,A,2003,0.739811925,
ITA,TRADEGOODSERV,IMP,AGRWTH,A,2004,4.573083886,
ITA,TRADEGOODSERV,IMP,AGRWTH,A,2005,3.440307948,
ITA,TRADEGOODSERV,IMP,AGRWTH,A,2006,7.95854329,
ITA,TRADEGOODSERV,IMP,AGRWTH,A,2007,5.45420841,
ITA,TRADEGOODSERV,IMP,AGRWTH,A,2008,-4.024321844,
ITA,TRADEGOODSERV,IMP,AGRWTH,A,2009,-13.11816502,
ITA,TRADEGOODSERV,IMP,AGRWTH,A,2010,12.1668588,
ITA,TRADEGOODSERV,IMP,AGRWTH,A,2011,0.56323092,
ITA,TRADEGOODSERV,IMP,AGRWTH,A,2012,-8.119492766,
ITA,TRADEGOODSERV,IMP,AGRWTH,A,2013,-2.702130672,
ITA,TRADEGOODSERV,IMP,AGRWTH,A,2014,3.452286711,
ITA,TRADEGOODSERV,IMP,AGRWTH,A,2015,6.463675291,
ITA,TRADEGOODSERV,IMP,AGRWTH,A,2016,3.92707415,
ITA,TRADEGOODSERV,IMP,AGRWTH,A,2017,6.091371221,
ITA,TRADEGOODSERV,IMP,AGRWTH,A,2018,3.438160066,
ITA,TRADEGOODSERV,IMP,AGRWTH,A,2019,-0.699962528,
ITA,TRADEGOODSERV,IMP,AGRWTH,A,2020,-12.12923063,
AUS,TRADEGOODSERV,IMP,AGRWTH,A,1995,4.686529157,
AUS,TRADEGOODSERV,IMP,AGRWTH,A,1996,9.894333307,
AUS,TRADEGOODSERV,IMP,AGRWTH,A,1997,10.24658019,
AUS,TRADEGOODSERV,IMP,AGRWTH,A,1998,5.112513853,
AUS,TRADEGOODSERV,IMP,AGRWTH,A,1999,12.0480731,
AUS,TRADEGOODSERV,IMP,AGRWTH,A,2000,-0.975090861,
AUS,TRADEGOODSERV,IMP,AGRWTH,A,2001,1.349648472,
AUS,TRADEGOODSERV,IMP,AGRWTH,A,2002,13.1971763,
AUS,TRADEGOODSERV,IMP,AGRWTH,A,2003,13.4994328,
AUS,TRADEGOODSERV,IMP,AGRWTH,A,2004,12.49933897,
AUS,TRADEGOODSERV,IMP,AGRWTH,A,2005,8.460800812,
AUS,TRADEGOODSERV,IMP,AGRWTH,A,2006,10.36392714,
AUS,TRADEGOODSERV,IMP,AGRWTH,A,2007,14.48599232,
AUS,TRADEGOODSERV,IMP,AGRWTH,A,2008,-3.71208847,
AUS,TRADEGOODSERV,IMP,AGRWTH,A,2009,6.944484026,
AUS,TRADEGOODSERV,IMP,AGRWTH,A,2010,10.42917197,
AUS,TRADEGOODSERV,IMP,AGRWTH,A,2011,11.30175105,
AUS,TRADEGOODSERV,IMP,AGRWTH,A,2012,0.697595005,
AUS,TRADEGOODSERV,IMP,AGRWTH,A,2013,-2.912077856,
AUS,TRADEGOODSERV,IMP,AGRWTH,A,2014,1.518562051,
AUS,TRADEGOODSERV,IMP,AGRWTH,A,2015,-0.325492745,
AUS,TRADEGOODSERV,IMP,AGRWTH,A,2016,5.247354954,
AUS,TRADEGOODSERV,IMP,AGRWTH,A,2017,6.95696764,
AUS,TRADEGOODSERV,IMP,AGRWTH,A,2018,0.222923658,
AUS,TRADEGOODSERV,IMP,AGRWTH,A,2019,-6.983893409,
AUS,TRADEGOODSERV,IMP,AGRWTH,A,2020,-3.354583379,
CHL,TRADEGOODSERV,IMP,AGRWTH,A,1995,24.98104035,E
CHL,TRADEGOODSERV,IMP,AGRWTH,A,1996,11.83295339,E
CHL,TRADEGOODSERV,IMP,AGRWTH,A,1997,13.1078478,
CHL,TRADEGOODSERV,IMP,AGRWTH,A,1998,6.876699978,
CHL,TRADEGOODSERV,IMP,AGRWTH,A,1999,-9.893566878,
CHL,TRADEGOODSERV,IMP,AGRWTH,A,2000,10.56938916,
CHL,TRADEGOODSERV,IMP,AGRWTH,A,2001,4.997117316,
CHL,TRADEGOODSERV,IMP,AGRWTH,A,2002,1.837793384,
CHL,TRADEGOODSERV,IMP,AGRWTH,A,2003,7.872954906,
CHL,TRADEGOODSERV,IMP,AGRWTH,A,2004,19.50611306,
CHL,TRADEGOODSERV,IMP,AGRWTH,A,2005,18.3702136,
CHL,TRADEGOODSERV,IMP,AGRWTH,A,2006,12.5362641,
CHL,TRADEGOODSERV,IMP,AGRWTH,A,2007,13.75413501,
CHL,TRADEGOODSERV,IMP,AGRWTH,A,2008,10.85793718,
CHL,TRADEGOODSERV,IMP,AGRWTH,A,2009,-17.70094007,
CHL,TRADEGOODSERV,IMP,AGRWTH,A,2010,25.24268373,
CHL,TRADEGOODSERV,IMP,AGRWTH,A,2011,15.83895248,
CHL,TRADEGOODSERV,IMP,AGRWTH,A,2012,3.81567111,
CHL,TRADEGOODSERV,IMP,AGRWTH,A,2013,1.858078726,
CHL,TRADEGOODSERV,IMP,AGRWTH,A,2014,-6.581306902,
CHL,TRADEGOODSERV,IMP,AGRWTH,A,2015,-0.854175251,
CHL,TRADEGOODSERV,IMP,AGRWTH,A,2016,1.169432934,
CHL,TRADEGOODSERV,IMP,AGRWTH,A,2017,4.454601413,
CHL,TRADEGOODSERV,IMP,AGRWTH,A,2018,8.604211158,
CHL,TRADEGOODSERV,IMP,AGRWTH,A,2019,-1.734780585,
CHL,TRADEGOODSERV,IMP,AGRWTH,A,2020,-12.32563324,
CHE,TRADEGOODSERV,IMP,AGRWTH,A,1995,5.855246501,
CHE,TRADEGOODSERV,IMP,AGRWTH,A,1996,3.93962012,
CHE,TRADEGOODSERV,IMP,AGRWTH,A,1997,10.35672008,
CHE,TRADEGOODSERV,IMP,AGRWTH,A,1998,5.321809143,
CHE,TRADEGOODSERV,IMP,AGRWTH,A,1999,3.984204964,
CHE,TRADEGOODSERV,IMP,AGRWTH,A,2000,8.136385107,
CHE,TRADEGOODSERV,IMP,AGRWTH,A,2001,1.415936126,
CHE,TRADEGOODSERV,IMP,AGRWTH,A,2002,-1.916546389,
CHE,TRADEGOODSERV,IMP,AGRWTH,A,2003,0.60466757,
CHE,TRADEGOODSERV,IMP,AGRWTH,A,2004,4.930422868,
CHE,TRADEGOODSERV,IMP,AGRWTH,A,2005,9.618613552,
CHE,TRADEGOODSERV,IMP,AGRWTH,A,2006,2.842552881,
CHE,TRADEGOODSERV,IMP,AGRWTH,A,2007,5.863802099,
CHE,TRADEGOODSERV,IMP,AGRWTH,A,2008,4.398987105,
CHE,TRADEGOODSERV,IMP,AGRWTH,A,2009,-2.741008555,
CHE,TRADEGOODSERV,IMP,AGRWTH,A,2010,7.990133911,
CHE,TRADEGOODSERV,IMP,AGRWTH,A,2011,8.936500439,
CHE,TRADEGOODSERV,IMP,AGRWTH,A,2012,-2.10733953,
CHE,TRADEGOODSERV,IMP,AGRWTH,A,2013,12.26870592,
CHE,TRADEGOODSERV,IMP,AGRWTH,A,2014,-6.763753616,
CHE,TRADEGOODSERV,IMP,AGRWTH,A,2015,4.951563727,
CHE,TRADEGOODSERV,IMP,AGRWTH,A,2016,5.2858609,
CHE,TRADEGOODSERV,IMP,AGRWTH,A,2017,-0.387211835,
CHE,TRADEGOODSERV,IMP,AGRWTH,A,2018,0.750562954,
CHE,TRADEGOODSERV,IMP,AGRWTH,A,2019,0.278380733,
CHE,TRADEGOODSERV,IMP,AGRWTH,A,2020,-3.173308711,
SVN,TRADEGOODSERV,IMP,AGRWTH,A,1995,11.29544043,E
SVN,TRADEGOODSERV,IMP,AGRWTH,A,1996,2.397210897,
SVN,TRADEGOODSERV,IMP,AGRWTH,A,1997,11.69055746,
SVN,TRADEGOODSERV,IMP,AGRWTH,A,1998,10.05836614,
SVN,TRADEGOODSERV,IMP,AGRWTH,A,1999,8.409504681,
SVN,TRADEGOODSERV,IMP,AGRWTH,A,2000,6.619835548,
SVN,TRADEGOODSERV,IMP,AGRWTH,A,2001,3.623125007,
SVN,TRADEGOODSERV,IMP,AGRWTH,A,2002,5.625376776,
SVN,TRADEGOODSERV,IMP,AGRWTH,A,2003,6.464488482,
SVN,TRADEGOODSERV,IMP,AGRWTH,A,2004,13.96816296,
SVN,TRADEGOODSERV,IMP,AGRWTH,A,2005,7.336893156,
SVN,TRADEGOODSERV,IMP,AGRWTH,A,2006,12.38855921,
SVN,TRADEGOODSERV,IMP,AGRWTH,A,2007,17.05726751,
SVN,TRADEGOODSERV,IMP,AGRWTH,A,2008,4.090181494,
SVN,TRADEGOODSERV,IMP,AGRWTH,A,2009,-18.38536437,
SVN,TRADEGOODSERV,IMP,AGRWTH,A,2010,6.632729879,
SVN,TRADEGOODSERV,IMP,AGRWTH,A,2011,5.313866786,
SVN,TRADEGOODSERV,IMP,AGRWTH,A,2012,-3.535305374,
SVN,TRADEGOODSERV,IMP,AGRWTH,A,2013,2.111468959,
SVN,TRADEGOODSERV,IMP,AGRWTH,A,2014,4.157009699,
SVN,TRADEGOODSERV,IMP,AGRWTH,A,2015,4.31852146,
SVN,TRADEGOODSERV,IMP,AGRWTH,A,2016,6.288934798,
SVN,TRADEGOODSERV,IMP,AGRWTH,A,2017,10.67171523,
SVN,TRADEGOODSERV,IMP,AGRWTH,A,2018,7.086745641,
SVN,TRADEGOODSERV,IMP,AGRWTH,A,2019,4.668945268,
SVN,TRADEGOODSERV,IMP,AGRWTH,A,2020,-9.594505098,
CAN,TRADEGOODSERV,IMP,AGRWTH,A,1995,5.783246514,
CAN,TRADEGOODSERV,IMP,AGRWTH,A,1996,5.361973024,
CAN,TRADEGOODSERV,IMP,AGRWTH,A,1997,14.35950851,
CAN,TRADEGOODSERV,IMP,AGRWTH,A,1998,5.297775977,
CAN,TRADEGOODSERV,IMP,AGRWTH,A,1999,8.055283979,
CAN,TRADEGOODSERV,IMP,AGRWTH,A,2000,8.487121641,
CAN,TRADEGOODSERV,IMP,AGRWTH,A,2001,-4.906574962,
CAN,TRADEGOODSERV,IMP,AGRWTH,A,2002,1.861944974,
CAN,TRADEGOODSERV,IMP,AGRWTH,A,2003,4.233178516,
CAN,TRADEGOODSERV,IMP,AGRWTH,A,2004,8.506001853,
CAN,TRADEGOODSERV,IMP,AGRWTH,A,2005,7.349336779,
CAN,TRADEGOODSERV,IMP,AGRWTH,A,2006,5.32058912,
CAN,TRADEGOODSERV,IMP,AGRWTH,A,2007,5.774880941,
CAN,TRADEGOODSERV,IMP,AGRWTH,A,2008,0.895139828,
CAN,TRADEGOODSERV,IMP,AGRWTH,A,2009,-12.39460121,
CAN,TRADEGOODSERV,IMP,AGRWTH,A,2010,13.78838089,
CAN,TRADEGOODSERV,IMP,AGRWTH,A,2011,5.59403058,
CAN,TRADEGOODSERV,IMP,AGRWTH,A,2012,3.708567478,
CAN,TRADEGOODSERV,IMP,AGRWTH,A,2013,2.077360614,
CAN,TRADEGOODSERV,IMP,AGRWTH,A,2014,2.530906231,
CAN,TRADEGOODSERV,IMP,AGRWTH,A,2015,0.751343161,
CAN,TRADEGOODSERV,IMP,AGRWTH,A,2016,0.050746223,
CAN,TRADEGOODSERV,IMP,AGRWTH,A,2017,4.627389464,
CAN,TRADEGOODSERV,IMP,AGRWTH,A,2018,3.303949685,
CAN,TRADEGOODSERV,IMP,AGRWTH,A,2019,0.378019495,
CAN,TRADEGOODSERV,IMP,AGRWTH,A,2020,-9.342380829,
IRL,TRADEGOODSERV,IMP,AGRWTH,A,1995,16.40891861,E
IRL,TRADEGOODSERV,IMP,AGRWTH,A,1996,12.84371971,
IRL,TRADEGOODSERV,IMP,AGRWTH,A,1997,16.64395893,
IRL,TRADEGOODSERV,IMP,AGRWTH,A,1998,27.77577499,
IRL,TRADEGOODSERV,IMP,AGRWTH,A,1999,12.61600706,
IRL,TRADEGOODSERV,IMP,AGRWTH,A,2000,21.68653522,
IRL,TRADEGOODSERV,IMP,AGRWTH,A,2001,13.10129667,
IRL,TRADEGOODSERV,IMP,AGRWTH,A,2002,5.338444628,
IRL,TRADEGOODSERV,IMP,AGRWTH,A,2003,-2.41745811,
IRL,TRADEGOODSERV,IMP,AGRWTH,A,2004,1.903957285,
IRL,TRADEGOODSERV,IMP,AGRWTH,A,2005,12.72317344,
IRL,TRADEGOODSERV,IMP,AGRWTH,A,2006,9.301760932,
IRL,TRADEGOODSERV,IMP,AGRWTH,A,2007,9.351270716,
IRL,TRADEGOODSERV,IMP,AGRWTH,A,2008,-2.785985381,
IRL,TRADEGOODSERV,IMP,AGRWTH,A,2009,-1.702636413,
IRL,TRADEGOODSERV,IMP,AGRWTH,A,2010,0.568424642,
IRL,TRADEGOODSERV,IMP,AGRWTH,A,2011,2.642303059,
IRL,TRADEGOODSERV,IMP,AGRWTH,A,2012,-1.014926946,
IRL,TRADEGOODSERV,IMP,AGRWTH,A,2013,1.084910877,
IRL,TRADEGOODSERV,IMP,AGRWTH,A,2014,14.66422789,
IRL,TRADEGOODSERV,IMP,AGRWTH,A,2015,32.35434967,
IRL,TRADEGOODSERV,IMP,AGRWTH,A,2016,19.00499041,
IRL,TRADEGOODSERV,IMP,AGRWTH,A,2017,1.179578213,
IRL,TRADEGOODSERV,IMP,AGRWTH,A,2018,2.466757221,
IRL,TRADEGOODSERV,IMP,AGRWTH,A,2019,42.32349296,
IRL,TRADEGOODSERV,IMP,AGRWTH,A,2020,-2.072401579,
PRT,TRADEGOODSERV,IMP,AGRWTH,A,1995,7.420303187,E
PRT,TRADEGOODSERV,IMP,AGRWTH,A,1996,5.916432706,
PRT,TRADEGOODSERV,IMP,AGRWTH,A,1997,10.27360756,
PRT,TRADEGOODSERV,IMP,AGRWTH,A,1998,14.63624854,
PRT,TRADEGOODSERV,IMP,AGRWTH,A,1999,9.017764135,
PRT,TRADEGOODSERV,IMP,AGRWTH,A,2000,5.537729246,
PRT,TRADEGOODSERV,IMP,AGRWTH,A,2001,1.010041182,
PRT,TRADEGOODSERV,IMP,AGRWTH,A,2002,-0.284462216,
PRT,TRADEGOODSERV,IMP,AGRWTH,A,2003,-0.216451546,
PRT,TRADEGOODSERV,IMP,AGRWTH,A,2004,7.419514624,
PRT,TRADEGOODSERV,IMP,AGRWTH,A,2005,2.185050724,
PRT,TRADEGOODSERV,IMP,AGRWTH,A,2006,7.55939752,
PRT,TRADEGOODSERV,IMP,AGRWTH,A,2007,5.598475865,
PRT,TRADEGOODSERV,IMP,AGRWTH,A,2008,2.231189292,
PRT,TRADEGOODSERV,IMP,AGRWTH,A,2009,-9.495402003,
PRT,TRADEGOODSERV,IMP,AGRWTH,A,2010,7.801117316,
PRT,TRADEGOODSERV,IMP,AGRWTH,A,2011,-6.180793087,
PRT,TRADEGOODSERV,IMP,AGRWTH,A,2012,-6.276454243,
PRT,TRADEGOODSERV,IMP,AGRWTH,A,2013,4.680596628,
PRT,TRADEGOODSERV,IMP,AGRWTH,A,2014,7.920762472,
PRT,TRADEGOODSERV,IMP,AGRWTH,A,2015,8.049890838,
PRT,TRADEGOODSERV,IMP,AGRWTH,A,2016,5.01221008,
PRT,TRADEGOODSERV,IMP,AGRWTH,A,2017,8.102207253,
PRT,TRADEGOODSERV,IMP,AGRWTH,A,2018,4.968924405,
PRT,TRADEGOODSERV,IMP,AGRWTH,A,2019,4.942594538,
PRT,TRADEGOODSERV,IMP,AGRWTH,A,2020,-11.81069399,
SVK,TRADEGOODSERV,IMP,AGRWTH,A,1995,11.63877346,E
SVK,TRADEGOODSERV,IMP,AGRWTH,A,1996,16.52039914,
SVK,TRADEGOODSERV,IMP,AGRWTH,A,1997,9.51401613,
SVK,TRADEGOODSERV,IMP,AGRWTH,A,1998,-1.846210035,
SVK,TRADEGOODSERV,IMP,AGRWTH,A,1999,-3.733652015,
SVK,TRADEGOODSERV,IMP,AGRWTH,A,2000,6.318737386,
SVK,TRADEGOODSERV,IMP,AGRWTH,A,2001,18.87099813,
SVK,TRADEGOODSERV,IMP,AGRWTH,A,2002,5.484802444,
SVK,TRADEGOODSERV,IMP,AGRWTH,A,2003,8.105328666,
SVK,TRADEGOODSERV,IMP,AGRWTH,A,2004,22.57051619,
SVK,TRADEGOODSERV,IMP,AGRWTH,A,2005,14.92139881,
SVK,TRADEGOODSERV,IMP,AGRWTH,A,2006,19.15539756,
SVK,TRADEGOODSERV,IMP,AGRWTH,A,2007,9.678269369,
SVK,TRADEGOODSERV,IMP,AGRWTH,A,2008,4.1080361,
SVK,TRADEGOODSERV,IMP,AGRWTH,A,2009,-18.90798548,
SVK,TRADEGOODSERV,IMP,AGRWTH,A,2010,16.5845913,
SVK,TRADEGOODSERV,IMP,AGRWTH,A,2011,7.801774604,
SVK,TRADEGOODSERV,IMP,AGRWTH,A,2012,2.094899227,
SVK,TRADEGOODSERV,IMP,AGRWTH,A,2013,5.676180019,
SVK,TRADEGOODSERV,IMP,AGRWTH,A,2014,4.528856377,
SVK,TRADEGOODSERV,IMP,AGRWTH,A,2015,8.518327682,
SVK,TRADEGOODSERV,IMP,AGRWTH,A,2016,4.826973101,
SVK,TRADEGOODSERV,IMP,AGRWTH,A,2017,4.077972715,
SVK,TRADEGOODSERV,IMP,AGRWTH,A,2018,4.770176418,
SVK,TRADEGOODSERV,IMP,AGRWTH,A,2019,2.18070426,
SVK,TRADEGOODSERV,IMP,AGRWTH,A,2020,-8.134828211,
MEX,TRADEGOODSERV,IMP,AGRWTH,A,1995,-15.94223527,
MEX,TRADEGOODSERV,IMP,AGRWTH,A,1996,17.47795715,
MEX,TRADEGOODSERV,IMP,AGRWTH,A,1997,23.11313626,
MEX,TRADEGOODSERV,IMP,AGRWTH,A,1998,14.80427569,
MEX,TRADEGOODSERV,IMP,AGRWTH,A,1999,11.51340351,
MEX,TRADEGOODSERV,IMP,AGRWTH,A,2000,20.29653164,
MEX,TRADEGOODSERV,IMP,AGRWTH,A,2001,-0.841021617,
MEX,TRADEGOODSERV,IMP,AGRWTH,A,2002,1.207803305,
MEX,TRADEGOODSERV,IMP,AGRWTH,A,2003,2.5106365,
MEX,TRADEGOODSERV,IMP,AGRWTH,A,2004,6.48321775,
MEX,TRADEGOODSERV,IMP,AGRWTH,A,2005,5.379141883,
MEX,TRADEGOODSERV,IMP,AGRWTH,A,2006,8.685599241,
MEX,TRADEGOODSERV,IMP,AGRWTH,A,2007,4.826423036,
MEX,TRADEGOODSERV,IMP,AGRWTH,A,2008,3.281476563,
MEX,TRADEGOODSERV,IMP,AGRWTH,A,2009,-15.94898539,
MEX,TRADEGOODSERV,IMP,AGRWTH,A,2010,17.05531082,
MEX,TRADEGOODSERV,IMP,AGRWTH,A,2011,5.618029808,
MEX,TRADEGOODSERV,IMP,AGRWTH,A,2012,5.416564974,
MEX,TRADEGOODSERV,IMP,AGRWTH,A,2013,2.118308623,
MEX,TRADEGOODSERV,IMP,AGRWTH,A,2014,5.92076125,
MEX,TRADEGOODSERV,IMP,AGRWTH,A,2015,5.921772861,
MEX,TRADEGOODSERV,IMP,AGRWTH,A,2016,2.853234338,
MEX,TRADEGOODSERV,IMP,AGRWTH,A,2017,6.360416243,
MEX,TRADEGOODSERV,IMP,AGRWTH,A,2018,6.429857585,
MEX,TRADEGOODSERV,IMP,AGRWTH,A,2019,-0.728190453,
MEX,TRADEGOODSERV,IMP,AGRWTH,A,2020,-13.72899063,E
IND,TRADEGOODSERV,IMP,AGRWTH,A,1995,28.12587829,E
IND,TRADEGOODSERV,IMP,AGRWTH,A,1996,-2.439987721,E
IND,TRADEGOODSERV,IMP,AGRWTH,A,1997,13.20068412,E
IND,TRADEGOODSERV,IMP,AGRWTH,A,1998,20.84559134,E
IND,TRADEGOODSERV,IMP,AGRWTH,A,1999,6.992507051,E
IND,TRADEGOODSERV,IMP,AGRWTH,A,2000,4.589716463,E
IND,TRADEGOODSERV,IMP,AGRWTH,A,2001,2.944248597,E
IND,TRADEGOODSERV,IMP,AGRWTH,A,2002,11.99681938,E
IND,TRADEGOODSERV,IMP,AGRWTH,A,2003,13.88391694,E
IND,TRADEGOODSERV,IMP,AGRWTH,A,2004,22.19523474,E
IND,TRADEGOODSERV,IMP,AGRWTH,A,2005,32.58768742,E
IND,TRADEGOODSERV,IMP,AGRWTH,A,2006,21.48046934,E
IND,TRADEGOODSERV,IMP,AGRWTH,A,2007,10.19293829,E
IND,TRADEGOODSERV,IMP,AGRWTH,A,2008,22.71353771,E
IND,TRADEGOODSERV,IMP,AGRWTH,A,2009,-2.136137114,E
IND,TRADEGOODSERV,IMP,AGRWTH,A,2010,15.60871584,E
IND,TRADEGOODSERV,IMP,AGRWTH,A,2011,21.05902306,E
IND,TRADEGOODSERV,IMP,AGRWTH,A,2012,6.021796639,
IND,TRADEGOODSERV,IMP,AGRWTH,A,2013,-8.145800954,
IND,TRADEGOODSERV,IMP,AGRWTH,A,2014,0.871230766,
IND,TRADEGOODSERV,IMP,AGRWTH,A,2015,-5.850043681,
IND,TRADEGOODSERV,IMP,AGRWTH,A,2016,4.381893904,
IND,TRADEGOODSERV,IMP,AGRWTH,A,2017,17.41998337,
IND,TRADEGOODSERV,IMP,AGRWTH,A,2018,8.822696752,
IND,TRADEGOODSERV,IMP,AGRWTH,A,2019,-0.844060765,
IND,TRADEGOODSERV,IMP,AGRWTH,A,2020,-13.81010409,
EA,TRADEGOODSERV,IMP,AGRWTH,A,1996,4.166342331,
EA,TRADEGOODSERV,IMP,AGRWTH,A,1997,9.790777488,
EA,TRADEGOODSERV,IMP,AGRWTH,A,1998,10.22239542,
EA,TRADEGOODSERV,IMP,AGRWTH,A,1999,7.819815722,
EA,TRADEGOODSERV,IMP,AGRWTH,A,2000,12.12984278,
EA,TRADEGOODSERV,IMP,AGRWTH,A,2001,2.464979157,
EA,TRADEGOODSERV,IMP,AGRWTH,A,2002,0.47868671,
EA,TRADEGOODSERV,IMP,AGRWTH,A,2003,3.029042805,
EA,TRADEGOODSERV,IMP,AGRWTH,A,2004,6.968149441,
EA,TRADEGOODSERV,IMP,AGRWTH,A,2005,6.117675531,
EA,TRADEGOODSERV,IMP,AGRWTH,A,2006,8.511984342,
EA,TRADEGOODSERV,IMP,AGRWTH,A,2007,6.801013015,
EA,TRADEGOODSERV,IMP,AGRWTH,A,2008,0.298400142,
EA,TRADEGOODSERV,IMP,AGRWTH,A,2009,-11.32491313,
EA,TRADEGOODSERV,IMP,AGRWTH,A,2010,9.78917641,
EA,TRADEGOODSERV,IMP,AGRWTH,A,2011,4.375859218,
EA,TRADEGOODSERV,IMP,AGRWTH,A,2012,-1.224423839,
EA,TRADEGOODSERV,IMP,AGRWTH,A,2013,1.370306146,
EA,TRADEGOODSERV,IMP,AGRWTH,A,2014,4.716464503,
EA,TRADEGOODSERV,IMP,AGRWTH,A,2015,7.786584624,
EA,TRADEGOODSERV,IMP,AGRWTH,A,2016,4.305086533,
EA,TRADEGOODSERV,IMP,AGRWTH,A,2017,5.215784142,
EA,TRADEGOODSERV,IMP,AGRWTH,A,2018,3.863008253,
EA,TRADEGOODSERV,IMP,AGRWTH,A,2019,4.78649614,
EA,TRADEGOODSERV,IMP,AGRWTH,A,2020,-8.490412073,
EU,TRADEGOODSERV,IMP,AGRWTH,A,1996,4.572164982,
EU,TRADEGOODSERV,IMP,AGRWTH,A,1997,10.19602888,
EU,TRADEGOODSERV,IMP,AGRWTH,A,1998,10.29440487,
EU,TRADEGOODSERV,IMP,AGRWTH,A,1999,7.380437094,
EU,TRADEGOODSERV,IMP,AGRWTH,A,2000,12.2295511,
EU,TRADEGOODSERV,IMP,AGRWTH,A,2001,2.423079965,
EU,TRADEGOODSERV,IMP,AGRWTH,A,2002,0.932396979,
EU,TRADEGOODSERV,IMP,AGRWTH,A,2003,3.423456564,
EU,TRADEGOODSERV,IMP,AGRWTH,A,2004,7.615235591,
EU,TRADEGOODSERV,IMP,AGRWTH,A,2005,6.542569543,
EU,TRADEGOODSERV,IMP,AGRWTH,A,2006,9.235751128,
EU,TRADEGOODSERV,IMP,AGRWTH,A,2007,7.71364283,
EU,TRADEGOODSERV,IMP,AGRWTH,A,2008,1.1374863,
EU,TRADEGOODSERV,IMP,AGRWTH,A,2009,-11.77549939,
EU,TRADEGOODSERV,IMP,AGRWTH,A,2010,9.773995705,
EU,TRADEGOODSERV,IMP,AGRWTH,A,2011,4.701257018,
EU,TRADEGOODSERV,IMP,AGRWTH,A,2012,-0.946585518,
EU,TRADEGOODSERV,IMP,AGRWTH,A,2013,1.461654914,
EU,TRADEGOODSERV,IMP,AGRWTH,A,2014,5.201199517,
EU,TRADEGOODSERV,IMP,AGRWTH,A,2015,7.49725277,
EU,TRADEGOODSERV,IMP,AGRWTH,A,2016,4.544311465,
EU,TRADEGOODSERV,IMP,AGRWTH,A,2017,5.53895621,
EU,TRADEGOODSERV,IMP,AGRWTH,A,2018,4.233329892,
EU,TRADEGOODSERV,IMP,AGRWTH,A,2019,4.636270157,
EU,TRADEGOODSERV,IMP,AGRWTH,A,2020,-7.890823486,
LVA,TRADEGOODSERV,IMP,AGRWTH,A,1996,26.72973503,
LVA,TRADEGOODSERV,IMP,AGRWTH,A,1997,4.534648354,
LVA,TRADEGOODSERV,IMP,AGRWTH,A,1998,16.76758434,
LVA,TRADEGOODSERV,IMP,AGRWTH,A,1999,-5.204803614,
LVA,TRADEGOODSERV,IMP,AGRWTH,A,2000,2.674532257,
LVA,TRADEGOODSERV,IMP,AGRWTH,A,2001,15.63929937,
LVA,TRADEGOODSERV,IMP,AGRWTH,A,2002,2.710905083,
LVA,TRADEGOODSERV,IMP,AGRWTH,A,2003,11.86519194,
LVA,TRADEGOODSERV,IMP,AGRWTH,A,2004,20.65575936,
LVA,TRADEGOODSERV,IMP,AGRWTH,A,2005,17.0552075,
LVA,TRADEGOODSERV,IMP,AGRWTH,A,2006,21.87861897,
LVA,TRADEGOODSERV,IMP,AGRWTH,A,2007,17.44612625,
LVA,TRADEGOODSERV,IMP,AGRWTH,A,2008,-11.13970804,
LVA,TRADEGOODSERV,IMP,AGRWTH,A,2009,-30.89442296,
LVA,TRADEGOODSERV,IMP,AGRWTH,A,2010,12.80594755,
LVA,TRADEGOODSERV,IMP,AGRWTH,A,2011,22.78037159,
LVA,TRADEGOODSERV,IMP,AGRWTH,A,2012,5.247023643,
LVA,TRADEGOODSERV,IMP,AGRWTH,A,2013,-0.127344359,
LVA,TRADEGOODSERV,IMP,AGRWTH,A,2014,2.928683759,
LVA,TRADEGOODSERV,IMP,AGRWTH,A,2015,1.652134497,
LVA,TRADEGOODSERV,IMP,AGRWTH,A,2016,3.563722228,
LVA,TRADEGOODSERV,IMP,AGRWTH,A,2017,8.55188124,
LVA,TRADEGOODSERV,IMP,AGRWTH,A,2018,6.341173705,
LVA,TRADEGOODSERV,IMP,AGRWTH,A,2019,3.09407795,
LVA,TRADEGOODSERV,IMP,AGRWTH,A,2020,-0.328600853,
COL,TRADEGOODSERV,IMP,AGRWTH,A,1995,7.849211279,E
COL,TRADEGOODSERV,IMP,AGRWTH,A,1996,2.912005096,E
COL,TRADEGOODSERV,IMP,AGRWTH,A,1997,6.553320186,E
COL,TRADEGOODSERV,IMP,AGRWTH,A,1998,-3.93452196,E
COL,TRADEGOODSERV,IMP,AGRWTH,A,1999,-24.16609193,E
COL,TRADEGOODSERV,IMP,AGRWTH,A,2000,6.678327728,E
COL,TRADEGOODSERV,IMP,AGRWTH,A,2001,8.739587196,E
COL,TRADEGOODSERV,IMP,AGRWTH,A,2002,0.330033012,E
COL,TRADEGOODSERV,IMP,AGRWTH,A,2003,8.169538676,E
COL,TRADEGOODSERV,IMP,AGRWTH,A,2004,10.27288798,E
COL,TRADEGOODSERV,IMP,AGRWTH,A,2005,11.90095302,E
COL,TRADEGOODSERV,IMP,AGRWTH,A,2006,17.68181125,
COL,TRADEGOODSERV,IMP,AGRWTH,A,2007,13.85802969,
COL,TRADEGOODSERV,IMP,AGRWTH,A,2008,12.5117342,
COL,TRADEGOODSERV,IMP,AGRWTH,A,2009,-8.647687433,
COL,TRADEGOODSERV,IMP,AGRWTH,A,2010,10.82983532,
COL,TRADEGOODSERV,IMP,AGRWTH,A,2011,20.22907753,
COL,TRADEGOODSERV,IMP,AGRWTH,A,2012,9.375086544,
COL,TRADEGOODSERV,IMP,AGRWTH,A,2013,8.524025649,
COL,TRADEGOODSERV,IMP,AGRWTH,A,2014,7.760013532,
COL,TRADEGOODSERV,IMP,AGRWTH,A,2015,-1.080937715,
COL,TRADEGOODSERV,IMP,AGRWTH,A,2016,-3.540902873,
COL,TRADEGOODSERV,IMP,AGRWTH,A,2017,1.018839453,
COL,TRADEGOODSERV,IMP,AGRWTH,A,2018,5.805419065,
COL,TRADEGOODSERV,IMP,AGRWTH,A,2019,7.34397308,
COL,TRADEGOODSERV,IMP,AGRWTH,A,2020,-19.90061805,E
CRI,TRADEGOODSERV,IMP,AGRWTH,A,1995,3.34428755,
CRI,TRADEGOODSERV,IMP,AGRWTH,A,1996,3.141479605,
CRI,TRADEGOODSERV,IMP,AGRWTH,A,1997,14.99015638,
CRI,TRADEGOODSERV,IMP,AGRWTH,A,1998,16.32813528,
CRI,TRADEGOODSERV,IMP,AGRWTH,A,1999,-3.080925607,
CRI,TRADEGOODSERV,IMP,AGRWTH,A,2000,-3.897297816,
CRI,TRADEGOODSERV,IMP,AGRWTH,A,2001,0.010074048,
CRI,TRADEGOODSERV,IMP,AGRWTH,A,2002,6.12969651,
CRI,TRADEGOODSERV,IMP,AGRWTH,A,2003,4.543606176,
CRI,TRADEGOODSERV,IMP,AGRWTH,A,2004,4.811515915,
CRI,TRADEGOODSERV,IMP,AGRWTH,A,2005,6.945545398,
CRI,TRADEGOODSERV,IMP,AGRWTH,A,2006,7.816209228,
CRI,TRADEGOODSERV,IMP,AGRWTH,A,2007,10.08846344,
CRI,TRADEGOODSERV,IMP,AGRWTH,A,2008,6.658714791,
CRI,TRADEGOODSERV,IMP,AGRWTH,A,2009,-18.73628821,
CRI,TRADEGOODSERV,IMP,AGRWTH,A,2010,18.72644466,
CRI,TRADEGOODSERV,IMP,AGRWTH,A,2011,10.67093218,
CRI,TRADEGOODSERV,IMP,AGRWTH,A,2012,7.824970783,
CRI,TRADEGOODSERV,IMP,AGRWTH,A,2013,1.680638955,
CRI,TRADEGOODSERV,IMP,AGRWTH,A,2014,5.046277651,
CRI,TRADEGOODSERV,IMP,AGRWTH,A,2015,4.498020426,
CRI,TRADEGOODSERV,IMP,AGRWTH,A,2016,8.938430428,
CRI,TRADEGOODSERV,IMP,AGRWTH,A,2017,5.012553236,
CRI,TRADEGOODSERV,IMP,AGRWTH,A,2018,2.855957961,
CRI,TRADEGOODSERV,IMP,AGRWTH,A,2019,-2.297429463,
CRI,TRADEGOODSERV,IMP,AGRWTH,A,2020,-12.92929549,
LTU,TRADEGOODSERV,IMP,AGRWTH,A,1996,29.50080347,
LTU,TRADEGOODSERV,IMP,AGRWTH,A,1997,29.19551208,
LTU,TRADEGOODSERV,IMP,AGRWTH,A,1998,6.424014622,
LTU,TRADEGOODSERV,IMP,AGRWTH,A,1999,-14.54056544,
LTU,TRADEGOODSERV,IMP,AGRWTH,A,2000,6.591292808,
LTU,TRADEGOODSERV,IMP,AGRWTH,A,2001,19.71746498,
LTU,TRADEGOODSERV,IMP,AGRWTH,A,2002,20.12798058,
LTU,TRADEGOODSERV,IMP,AGRWTH,A,2003,9.597022958,
LTU,TRADEGOODSERV,IMP,AGRWTH,A,2004,18.45028945,
LTU,TRADEGOODSERV,IMP,AGRWTH,A,2005,19.6593459,
LTU,TRADEGOODSERV,IMP,AGRWTH,A,2006,14.30239808,
LTU,TRADEGOODSERV,IMP,AGRWTH,A,2007,10.64759777,
LTU,TRADEGOODSERV,IMP,AGRWTH,A,2008,10.82030645,
LTU,TRADEGOODSERV,IMP,AGRWTH,A,2009,-28.65375779,
LTU,TRADEGOODSERV,IMP,AGRWTH,A,2010,16.81071705,
LTU,TRADEGOODSERV,IMP,AGRWTH,A,2011,14.21742929,
LTU,TRADEGOODSERV,IMP,AGRWTH,A,2012,5.169700762,
LTU,TRADEGOODSERV,IMP,AGRWTH,A,2013,5.811386651,
LTU,TRADEGOODSERV,IMP,AGRWTH,A,2014,-1.672029402,
LTU,TRADEGOODSERV,IMP,AGRWTH,A,2015,9.353104003,
LTU,TRADEGOODSERV,IMP,AGRWTH,A,2016,4.041576884,
LTU,TRADEGOODSERV,IMP,AGRWTH,A,2017,11.14062608,
LTU,TRADEGOODSERV,IMP,AGRWTH,A,2018,6.024966078,
LTU,TRADEGOODSERV,IMP,AGRWTH,A,2019,6.005006888,
LTU,TRADEGOODSERV,IMP,AGRWTH,A,2020,-4.45555444,
OAVG,TRADEGOODSERV,IMP,AGRWTH,A,1996,7.918559536,E
OAVG,TRADEGOODSERV,IMP,AGRWTH,A,1997,11.21875983,E
OAVG,TRADEGOODSERV,IMP,AGRWTH,A,1998,7.576802607,E
OAVG,TRADEGOODSERV,IMP,AGRWTH,A,1999,8.225931233,E
OAVG,TRADEGOODSERV,IMP,AGRWTH,A,2000,12.30330544,E
OAVG,TRADEGOODSERV,IMP,AGRWTH,A,2001,0.334041847,E
OAVG,TRADEGOODSERV,IMP,AGRWTH,A,2002,3.029891845,E
OAVG,TRADEGOODSERV,IMP,AGRWTH,A,2003,4.717716796,E
OAVG,TRADEGOODSERV,IMP,AGRWTH,A,2004,9.212623271,E
OAVG,TRADEGOODSERV,IMP,AGRWTH,A,2005,6.91875426,E
OAVG,TRADEGOODSERV,IMP,AGRWTH,A,2006,8.388774597,B
OAVG,TRADEGOODSERV,IMP,AGRWTH,A,2007,5.989185168,B
OAVG,TRADEGOODSERV,IMP,AGRWTH,A,2008,0.488111569,B
OAVG,TRADEGOODSERV,IMP,AGRWTH,A,2009,-11.58831973,B
OAVG,TRADEGOODSERV,IMP,AGRWTH,A,2010,11.90663934,B
OAVG,TRADEGOODSERV,IMP,AGRWTH,A,2011,5.989211612,B
OAVG,TRADEGOODSERV,IMP,AGRWTH,A,2012,1.094297331,
OAVG,TRADEGOODSERV,IMP,AGRWTH,A,2013,2.207545541,
OAVG,TRADEGOODSERV,IMP,AGRWTH,A,2014,4.582813252,
OAVG,TRADEGOODSERV,IMP,AGRWTH,A,2015,5.102985402,
OAVG,TRADEGOODSERV,IMP,AGRWTH,A,2016,3.202259752,
OAVG,TRADEGOODSERV,IMP,AGRWTH,A,2017,5.356359943,
OAVG,TRADEGOODSERV,IMP,AGRWTH,A,2018,3.669435002,E
OAVG,TRADEGOODSERV,IMP,AGRWTH,A,2019,2.117080201,E
OAVG,TRADEGOODSERV,IMP,AGRWTH,A,2020,-8.178541557,E
